name,year,selling_price,present_price,kms_driven,fuel_type,seller_type,transmission,owner
Tata Nexon,2020,8.67,10.31,16814,Petrol,Individual,Manual,0
Mahindra XUV500,2020,20.32,23.81,15009,Petrol,Individual,Manual,0
Maruti Alto,2020,2.92,3.18,20869,Petrol,Dealer,Manual,0
Mahindra Bolero,2020,7.54,10.29,13745,Petrol,Individual,Manual,0
Hyundai i20,2020,7.8,8.21,10089,Diesel,Dealer,Manual,0
BMW 3 Series,2020,57.0,60.0,23702,Petrol,Dealer,Manual,0
Tata Tiago,2020,5.02,5.28,11861,Diesel,Dealer,Manual,0
Maruti Swift,2020,6.91,7.36,19008,Diesel,Dealer,Manual,0
BMW 3 Series,2020,48.12,60.0,8753,Petrol,Individual,Manual,2
Tata Harrier,2020,21.9,27.79,19328,Petrol,Individual,Manual,0
Hyundai i10,2020,4.26,4.48,7156,Diesel,Individual,Manual,0
Toyota Etios,2020,7.89,8.3,7796,Petrol,Dealer,Manual,0
Maruti Alto,2020,3.14,3.3,16763,Diesel,Dealer,Manual,0
Renault Duster,2020,8.85,11.72,14669,Petrol,Individual,Manual,0
Ford Figo,2020,5.24,5.52,24187,Petrol,Dealer,Automatic,0
Mahindra Bolero,2020,9.89,10.41,19924,Petrol,Dealer,Automatic,0
Ford Figo,2020,3.77,4.05,23236,Petrol,Dealer,Manual,0
Hyundai Venue,2020,9.47,10.56,22428,Petrol,Individual,Automatic,0
Hyundai i20,2020,6.4,7.11,17647,Petrol,Individual,Manual,0
Tata Nexon,2020,8.63,10.32,19027,Diesel,Dealer,Manual,1
Toyota Etios,2020,5.73,7.92,13063,CNG,Individual,Manual,1
Honda Jazz,2020,7.48,8.29,16384,Petrol,Individual,Manual,0
Ford Figo,2020,4.74,6.15,28207,Diesel,Individual,Manual,0
Renault Kwid,2020,3.34,3.56,11702,Petrol,Individual,Manual,0
Hyundai Creta,2020,18.03,21.96,22302,Petrol,Individual,Manual,1
Hyundai i20,2020,6.12,7.6,25975,Diesel,Individual,Manual,1
BMW 3 Series,2020,53.12,60.0,9774,Petrol,Individual,Manual,0
Audi A4,2020,57.0,60.0,14416,Diesel,Individual,Manual,0
Honda Amaze,2020,7.06,8.38,19616,Petrol,Individual,Manual,0
Mahindra Scorpio,2020,16.28,19.37,13012,Diesel,Individual,Manual,0
Honda City,2020,14.05,14.79,27859,Diesel,Individual,Automatic,1
Tata Nexon,2020,10.54,11.09,17051,Petrol,Individual,Manual,0
Toyota Fortuner,2020,47.16,60.0,18007,Diesel,Individual,Manual,0
Toyota Innova,2020,28.37,29.97,21808,Petrol,Dealer,Manual,0
BMW 3 Series,2020,53.35,60.0,11767,Petrol,Dealer,Manual,0
Maruti Baleno,2020,6.55,6.89,7601,Petrol,Dealer,Manual,0
Honda Amaze,2020,7.06,7.43,19863,Diesel,Individual,Manual,0
Ford Figo,2020,5.6,6.19,18230,Diesel,Individual,Manual,1
Honda Amaze,2020,6.83,8.68,8429,Petrol,Individual,Manual,2
Ford EcoSport,2020,9.17,9.95,24559,Diesel,Individual,Manual,1
Maruti Ciaz,2020,9.89,11.35,24826,Diesel,Individual,Manual,0
Tata Nexon,2020,11.71,12.33,10022,Petrol,Individual,Manual,0
Toyota Innova,2020,24.87,28.93,12811,Diesel,Individual,Manual,0
Tata Harrier,2020,24.39,26.95,21029,Diesel,Individual,Manual,0
Hyundai Creta,2020,13.85,19.92,17995,CNG,Individual,Manual,1
Hyundai Venue,2020,9.65,10.16,22553,Petrol,Dealer,Manual,0
Toyota Etios,2020,6.77,7.71,13451,Diesel,Individual,Manual,0
Nissan Micra,2020,5.33,6.13,15172,CNG,Individual,Manual,0
Renault Duster,2020,11.39,11.99,24612,Diesel,Individual,Manual,0
Mercedes C-Class,2020,57.0,60.0,20772,Diesel,Dealer,Manual,0
Toyota Fortuner,2020,57.0,60.0,10724,Diesel,Dealer,Automatic,1
Honda Jazz,2020,7.99,8.8,9617,Diesel,Individual,Manual,0
Renault Duster,2020,9.96,11.17,15227,Petrol,Dealer,Manual,0
Hyundai Verna,2020,12.46,14.36,20768,Petrol,Individual,Manual,0
Toyota Innova,2020,23.17,28.0,20443,Petrol,Dealer,Manual,0
Tata Tiago,2020,4.66,6.01,7839,CNG,Individual,Manual,0
Tata Nexon,2020,9.4,11.55,20399,Diesel,Individual,Manual,0
Tata Tiago,2020,5.03,5.3,23525,Diesel,Dealer,Manual,0
Maruti Baleno,2020,7.15,7.56,20957,Petrol,Dealer,Manual,0
Tata Tiago,2020,5.06,5.45,19057,Diesel,Dealer,Manual,0
Renault Duster,2020,10.14,10.74,10764,Diesel,Individual,Manual,0
Maruti Baleno,2020,6.8,8.07,18932,Petrol,Individual,Manual,0
Maruti Swift,2020,6.01,6.35,12194,Petrol,Dealer,Manual,0
Ford Figo,2020,4.24,5.29,9073,Petrol,Individual,Manual,1
Hyundai Venue,2020,10.65,12.69,8116,Diesel,Individual,Manual,0
Renault Duster,2020,9.57,11.69,24489,Petrol,Individual,Manual,1
Skoda Rapid,2020,9.89,10.41,17092,Diesel,Dealer,Automatic,0
Hyundai i20,2020,7.18,8.03,7416,Diesel,Dealer,Manual,0
Honda Jazz,2020,7.2,7.81,9646,Petrol,Dealer,Manual,0
Tata Harrier,2020,21.0,24.41,22383,Diesel,Individual,Manual,0
Maruti Alto,2020,3.39,3.79,18610,Petrol,Dealer,Manual,0
Maruti Baleno,2020,6.02,7.71,11522,Petrol,Individual,Manual,1
Mercedes C-Class,2020,45.46,60.0,14963,Petrol,Individual,Manual,0
Skoda Rapid,2020,7.77,9.78,19019,Diesel,Dealer,Manual,2
Maruti Baleno,2020,7.15,7.53,27284,Diesel,Individual,Manual,0
Maruti Ciaz,2020,8.61,9.85,13577,Petrol,Individual,Manual,0
Renault Kwid,2020,3.41,4.16,17645,Diesel,Individual,Manual,2
Ford EcoSport,2020,6.16,8.55,9083,Diesel,Individual,Manual,1
Honda City,2020,13.46,14.17,15854,Diesel,Individual,Manual,0
Tata Harrier,2020,21.31,24.29,18595,Petrol,Dealer,Manual,1
BMW 3 Series,2020,57.0,60.0,20233,Petrol,Dealer,Manual,0
Hyundai i20,2020,5.06,6.13,14679,Petrol,Individual,Manual,0
Hyundai Venue,2020,8.85,11.43,21025,Petrol,Dealer,Manual,2
Ford EcoSport,2020,6.05,8.84,11209,Petrol,Individual,Manual,1
Maruti Swift,2020,5.13,6.7,17123,Petrol,Individual,Manual,0
Ford EcoSport,2020,9.09,9.57,20895,Diesel,Individual,Manual,0
Maruti Alto,2020,2.85,3.16,17826,Diesel,Individual,Manual,0
Hyundai i20,2020,6.56,7.87,14701,Diesel,Individual,Manual,2
Tata Tiago,2020,5.82,6.13,11240,Petrol,Dealer,Manual,0
Maruti Wagon R,2020,4.69,5.33,12103,Diesel,Individual,Manual,0
Honda Amaze,2020,7.22,8.55,18011,Diesel,Individual,Manual,0
Maruti Alto,2020,3.15,3.67,6086,Petrol,Individual,Manual,1
Tata Harrier,2020,20.27,23.88,13419,Petrol,Dealer,Manual,0
Ford Figo,2020,4.43,4.66,18169,Diesel,Individual,Automatic,0
Toyota Fortuner,2020,53.49,60.0,14744,Petrol,Individual,Manual,1
Honda Amaze,2020,6.59,7.75,15197,Diesel,Dealer,Manual,3
Honda Amaze,2020,7.32,7.71,15578,Diesel,Dealer,Manual,0
Toyota Etios,2020,6.3,7.85,17947,Petrol,Individual,Manual,0
Maruti Wagon R,2020,3.6,4.79,22160,Petrol,Individual,Manual,1
Honda City,2020,11.82,13.59,16239,Petrol,Individual,Automatic,0
Hyundai i10,2020,4.79,5.04,6791,Petrol,Dealer,Manual,0
Maruti Wagon R,2020,4.88,5.47,26834,Diesel,Individual,Manual,0
Skoda Rapid,2020,9.42,10.93,19006,Diesel,Individual,Manual,1
Honda City,2020,13.65,14.37,9366,Petrol,Dealer,Manual,0
BMW 3 Series,2020,57.0,60.0,23575,Petrol,Dealer,Manual,0
Toyota Etios,2020,7.1,8.75,12909,Petrol,Individual,Automatic,0
Honda Jazz,2020,6.93,9.02,12218,Petrol,Individual,Manual,0
Tata Harrier,2020,21.78,25.46,27391,Petrol,Individual,Manual,0
Maruti Ciaz,2020,8.78,9.72,5194,Diesel,Individual,Manual,0
Honda City,2020,14.16,14.9,20525,Petrol,Dealer,Automatic,0
Renault Kwid,2020,3.86,4.11,5184,Petrol,Dealer,Manual,0
Maruti Swift,2020,6.56,7.62,7144,Petrol,Individual,Manual,0
Mahindra XUV500,2020,19.58,20.61,26161,Diesel,Dealer,Manual,0
Hyundai i20,2020,6.31,6.93,21942,Petrol,Individual,Automatic,0
Hyundai Verna,2020,12.35,13.0,16693,Diesel,Individual,Manual,0
Mercedes C-Class,2020,57.0,60.0,7956,Petrol,Dealer,Manual,0
Mahindra Bolero,2020,7.67,9.84,11621,Diesel,Individual,Manual,1
Tata Harrier,2020,22.56,23.92,14178,Petrol,Dealer,Manual,0
Hyundai i20,2020,6.23,6.56,23719,Petrol,Individual,Automatic,0
Tata Harrier,2020,24.71,28.99,20784,Diesel,Individual,Manual,3
Renault Kwid,2020,3.36,3.76,18473,Petrol,Dealer,Manual,0
Maruti Vitara Brezza,2020,9.58,10.34,15823,Diesel,Individual,Manual,0
Volkswagen Polo,2020,7.97,8.39,18227,Diesel,Individual,Manual,0
Renault Kwid,2020,3.38,3.56,9648,Diesel,Dealer,Manual,0
Honda City,2020,9.81,13.77,13781,CNG,Individual,Manual,0
Honda Amaze,2020,7.19,8.02,28446,Petrol,Individual,Automatic,1
Nissan Micra,2020,5.24,5.69,20475,Diesel,Individual,Manual,0
Mercedes C-Class,2020,57.0,60.0,12389,Diesel,Dealer,Automatic,0
Skoda Rapid,2020,9.63,10.77,24275,Diesel,Dealer,Manual,2
Volkswagen Polo,2020,7.54,7.94,7739,Petrol,Dealer,Automatic,1
Hyundai Venue,2020,8.92,10.2,10487,Diesel,Individual,Manual,0
Maruti Ciaz,2020,10.97,11.55,9124,Petrol,Dealer,Automatic,0
Toyota Etios,2020,6.29,7.8,21649,Petrol,Individual,Automatic,2
Ford Figo,2020,4.49,5.03,12198,Petrol,Dealer,Manual,0
Maruti Baleno,2020,6.89,8.45,17494,Petrol,Individual,Manual,0
Toyota Fortuner,2020,50.88,60.0,17261,Diesel,Individual,Manual,0
Maruti Vitara Brezza,2020,8.52,10.48,26096,Petrol,Individual,Manual,0
Maruti Ciaz,2020,8.39,10.4,12998,Petrol,Individual,Manual,1
Toyota Innova,2020,24.12,29.54,15738,Petrol,Dealer,Manual,2
Volkswagen Polo,2020,5.12,6.46,12379,Petrol,Individual,Manual,0
Maruti Ciaz,2020,8.08,9.99,23788,Petrol,Individual,Manual,1
Renault Duster,2020,11.58,12.64,12871,Diesel,Individual,Manual,0
Skoda Rapid,2020,9.31,9.8,15557,Petrol,Dealer,Manual,0
Ford EcoSport,2020,8.49,9.33,24130,CNG,Dealer,Manual,1
Maruti Wagon R,2020,4.97,5.82,22548,Diesel,Individual,Manual,0
Honda Amaze,2020,5.96,6.68,17758,Petrol,Individual,Manual,0
Honda Amaze,2020,6.74,7.29,22888,Petrol,Individual,Manual,0
Renault Duster,2020,12.03,12.94,25615,Petrol,Dealer,Automatic,1
Tata Harrier,2020,21.11,22.22,6896,Diesel,Dealer,Manual,0
Tata Nexon,2020,11.44,12.04,13734,Diesel,Dealer,Manual,0
Toyota Fortuner,2020,49.42,60.0,13130,Petrol,Individual,Manual,1
Maruti Wagon R,2020,4.4,5.13,14057,Petrol,Dealer,Manual,1
Maruti Ciaz,2020,8.98,9.45,15971,Diesel,Individual,Automatic,0
Mahindra XUV500,2020,19.61,21.91,8516,Petrol,Dealer,Manual,0
Hyundai Creta,2020,16.19,18.19,14267,Diesel,Individual,Manual,0
Mahindra XUV500,2020,16.36,20.46,10939,Petrol,Individual,Manual,1
Hyundai Verna,2020,12.62,13.28,15461,Petrol,Dealer,Manual,0
Honda Jazz,2020,7.25,9.2,24619,Petrol,Individual,Manual,0
Mercedes C-Class,2020,46.48,60.0,17778,Petrol,Individual,Manual,2
Hyundai i20,2020,6.13,6.93,12802,Petrol,Individual,Manual,0
Hyundai i20,2020,6.3,8.06,21372,Petrol,Dealer,Manual,1
Nissan Micra,2020,5.91,6.22,14882,Diesel,Dealer,Manual,1
Volkswagen Vento,2020,11.01,12.23,17363,Petrol,Individual,Manual,0
Mahindra XUV500,2020,15.15,19.47,26505,Petrol,Individual,Manual,0
Toyota Fortuner,2020,57.0,60.0,8095,Petrol,Dealer,Manual,0
Mercedes C-Class,2020,50.71,60.0,21473,Petrol,Individual,Manual,0
Maruti Baleno,2020,6.87,7.85,10057,Petrol,Individual,Manual,0
Tata Tiago,2020,4.98,5.4,20461,Diesel,Dealer,Manual,0
Toyota Etios,2020,7.63,8.28,24363,Diesel,Dealer,Manual,2
Mahindra Bolero,2020,7.31,9.68,21703,Petrol,Individual,Manual,0
Honda City,2020,11.59,12.85,22486,Diesel,Dealer,Manual,0
Hyundai Verna,2020,12.13,14.23,25185,Petrol,Individual,Manual,0
Nissan Micra,2020,4.38,4.61,14052,Petrol,Individual,Automatic,0
Maruti Wagon R,2020,3.41,3.95,17013,Diesel,Individual,Manual,2
Ford Figo,2020,4.84,5.1,15895,Diesel,Individual,Manual,0
Maruti Alto,2020,3.51,4.05,20928,Diesel,Individual,Manual,0
Audi A4,2020,42.84,60.0,9849,Petrol,Individual,Manual,3
Maruti Baleno,2020,6.35,7.87,23461,Diesel,Individual,Manual,0
Ford EcoSport,2020,7.09,9.56,15586,Petrol,Individual,Manual,2
Mahindra Bolero,2020,7.2,9.85,19938,Petrol,Individual,Manual,1
Toyota Etios,2020,6.87,7.91,10887,Petrol,Individual,Manual,0
Renault Duster,2020,12.11,13.01,13818,Petrol,Individual,Manual,0
Volkswagen Polo,2020,6.86,7.7,25040,Diesel,Dealer,Manual,1
Tata Tiago,2020,3.73,4.87,21434,Diesel,Individual,Manual,3
Hyundai Venue,2020,9.83,11.48,16822,Petrol,Individual,Manual,0
Maruti Alto,2020,3.88,4.08,13330,Petrol,Dealer,Automatic,0
Maruti Vitara Brezza,2020,8.3,10.09,21693,Petrol,Individual,Manual,0
Maruti Ciaz,2020,8.89,9.7,19161,Petrol,Individual,Manual,0
Maruti Swift,2020,4.62,5.96,18943,Petrol,Individual,Manual,0
Hyundai Creta,2020,13.91,18.66,10980,Petrol,Individual,Manual,1
Toyota Fortuner,2020,49.7,60.0,14716,Petrol,Individual,Manual,0
Maruti Swift,2020,6.81,7.17,10528,Petrol,Dealer,Automatic,0
Mahindra Scorpio,2020,17.34,20.77,17040,Diesel,Individual,Manual,0
Renault Kwid,2020,3.79,4.17,26674,Diesel,Dealer,Manual,0
Hyundai Creta,2020,17.97,18.92,10687,Petrol,Dealer,Manual,0
Renault Duster,2020,10.18,11.15,23360,Petrol,Individual,Manual,0
Hyundai Venue,2020,8.44,10.2,21736,Petrol,Individual,Manual,0
Maruti Ciaz,2020,10.89,11.66,6964,Diesel,Individual,Manual,1
Toyota Etios,2020,8.27,8.71,13495,Diesel,Individual,Manual,0
Honda City,2020,12.92,13.97,15511,Petrol,Dealer,Manual,1
Maruti Baleno,2020,7.17,8.74,20213,Petrol,Individual,Automatic,2
Nissan Micra,2020,4.48,5.35,25779,Diesel,Individual,Manual,1
Maruti Baleno,2020,6.57,8.7,15820,Petrol,Individual,Manual,0
Maruti Wagon R,2020,4.08,4.64,18134,Diesel,Individual,Manual,0
Maruti Wagon R,2020,4.32,4.55,11740,Petrol,Dealer,Manual,0
Skoda Rapid,2020,9.27,9.76,17208,Diesel,Dealer,Automatic,0
Volkswagen Vento,2020,10.37,11.81,18356,Diesel,Individual,Manual,0
Ford EcoSport,2020,6.54,8.47,15571,Petrol,Individual,Manual,2
Audi A4,2020,57.0,60.0,9793,CNG,Dealer,Automatic,1
Audi A4,2020,53.19,60.0,7755,Diesel,Individual,Manual,0
Maruti Swift,2020,4.43,6.32,7446,Petrol,Individual,Manual,2
Mahindra Bolero,2020,8.65,9.11,21934,Petrol,Dealer,Manual,0
Toyota Fortuner,2020,50.68,60.0,16295,Petrol,Individual,Manual,0
Skoda Rapid,2020,8.25,9.67,11868,Petrol,Dealer,Manual,0
Maruti Wagon R,2020,4.21,4.87,24377,Petrol,Dealer,Manual,0
Maruti Baleno,2020,6.34,8.07,13984,Diesel,Individual,Manual,1
Honda City,2020,12.14,14.02,8295,Petrol,Individual,Manual,0
Mahindra Scorpio,2020,18.52,20.3,26488,Petrol,Dealer,Manual,0
Mahindra Scorpio,2020,17.64,19.47,24864,Petrol,Dealer,Manual,1
Audi A4,2020,45.02,60.0,18903,Petrol,Individual,Manual,1
Mahindra XUV500,2020,20.92,25.46,23534,Petrol,Individual,Manual,0
Tata Nexon,2020,9.35,10.68,23075,Diesel,Dealer,Manual,0
Honda Amaze,2020,6.84,8.34,7305,Petrol,Individual,Manual,0
Mahindra XUV500,2020,21.25,22.37,11777,Petrol,Dealer,Automatic,0
Maruti Wagon R,2020,4.12,4.49,23529,Diesel,Individual,Manual,1
Tata Harrier,2020,22.27,25.04,18824,Petrol,Individual,Manual,0
Hyundai Creta,2020,18.64,21.75,7185,Petrol,Individual,Manual,0
Maruti Swift,2020,6.64,6.99,8484,Diesel,Individual,Manual,1
Renault Duster,2020,9.0,11.02,7150,CNG,Individual,Automatic,0
Tata Harrier,2020,21.17,22.28,17747,Diesel,Dealer,Manual,0
Skoda Rapid,2020,9.13,9.61,16456,Diesel,Dealer,Manual,1
Tata Nexon,2020,9.62,11.85,10985,Diesel,Dealer,Manual,1
Mercedes C-Class,2020,57.0,60.0,12596,Diesel,Dealer,Automatic,0
Tata Tiago,2020,4.75,5.42,20340,Petrol,Dealer,Manual,1
Nissan Micra,2020,4.33,5.95,21864,Petrol,Individual,Manual,2
Nissan Micra,2020,5.15,5.9,11672,Petrol,Individual,Manual,0
Maruti Ciaz,2020,10.74,11.31,13121,Diesel,Dealer,Manual,0
Audi A4,2020,50.97,60.0,16674,Petrol,Individual,Manual,0
Hyundai i20,2020,6.03,7.2,8483,Diesel,Individual,Manual,2
Hyundai i10,2020,3.84,4.39,12036,Petrol,Individual,Manual,1
Volkswagen Polo,2020,7.09,7.78,23440,Petrol,Dealer,Manual,0
Volkswagen Polo,2020,5.72,6.78,15746,Diesel,Individual,Manual,0
Toyota Etios,2020,8.43,8.87,11615,Diesel,Individual,Manual,1
Volkswagen Vento,2020,8.6,11.07,18668,Petrol,Individual,Manual,1
Ford EcoSport,2020,6.72,8.68,18157,Diesel,Individual,Manual,1
Nissan Micra,2020,5.07,6.04,13355,Petrol,Individual,Manual,0
Ford EcoSport,2020,9.21,9.9,17297,Petrol,Dealer,Manual,0
Hyundai i20,2020,5.28,6.03,7732,Diesel,Individual,Manual,1
Mahindra Scorpio,2020,19.4,20.42,10969,Petrol,Individual,Automatic,0
Hyundai i20,2020,7.41,7.9,8037,CNG,Dealer,Manual,0
Toyota Etios,2020,6.34,7.55,14493,Diesel,Individual,Manual,0
Mercedes C-Class,2020,54.45,60.0,21011,Diesel,Dealer,Manual,0
Maruti Swift,2020,6.84,7.2,15944,Petrol,Individual,Automatic,0
Renault Kwid,2020,3.82,4.16,8560,Diesel,Individual,Manual,0
Ford Figo,2020,5.52,6.31,21596,Petrol,Individual,Manual,0
Honda City,2020,11.47,12.67,12036,Diesel,Individual,Manual,0
Mahindra XUV500,2020,21.26,23.4,18393,Petrol,Individual,Manual,0
Maruti Wagon R,2020,4.87,5.13,18082,Petrol,Dealer,Automatic,0
Toyota Fortuner,2020,51.55,60.0,23125,Diesel,Individual,Manual,2
Nissan Micra,2020,5.24,5.86,20412,Diesel,Individual,Manual,0
Tata Tiago,2020,3.65,4.7,16389,Petrol,Individual,Manual,1
Audi A4,2020,55.09,60.0,26325,Petrol,Individual,Manual,1
Mercedes C-Class,2020,56.1,60.0,10979,Petrol,Dealer,Manual,0
Mahindra Scorpio,2020,17.33,18.24,20539,Petrol,Dealer,Manual,0
Ford Figo,2020,4.84,5.09,9438,Petrol,Dealer,Manual,0
Honda Jazz,2020,8.78,9.24,10362,Petrol,Dealer,Manual,0
Volkswagen Polo,2020,7.31,8.09,20050,Petrol,Individual,Manual,0
Maruti Baleno,2020,6.63,7.63,23597,Petrol,Dealer,Manual,0
Mahindra Scorpio,2020,18.42,20.43,9896,Petrol,Individual,Manual,0
Mahindra Scorpio,2020,17.55,18.59,18322,Diesel,Individual,Manual,0
Honda Jazz,2020,9.87,10.39,18026,Petrol,Dealer,Automatic,0
Maruti Wagon R,2020,4.56,4.8,13290,Petrol,Dealer,Manual,0
Hyundai Venue,2020,10.63,12.3,24672,Petrol,Individual,Manual,0
Toyota Fortuner,2020,42.64,60.0,26529,Petrol,Individual,Manual,3
Tata Tiago,2020,4.3,5.47,14346,Petrol,Individual,Manual,0
Renault Duster,2020,10.29,10.83,8161,Petrol,Dealer,Automatic,0
Mercedes C-Class,2020,54.77,60.0,13758,Diesel,Dealer,Manual,0
Maruti Vitara Brezza,2020,9.36,9.85,10505,Petrol,Individual,Manual,0
Renault Duster,2020,10.43,11.33,14432,CNG,Dealer,Manual,0
Tata Tiago,2020,4.67,4.92,19004,Diesel,Individual,Automatic,0
Hyundai Creta,2020,16.71,19.05,20308,CNG,Dealer,Manual,0
Mahindra Scorpio,2020,20.73,22.08,13116,Petrol,Individual,Manual,0
Honda Amaze,2020,5.96,6.61,19978,Petrol,Individual,Automatic,0
Tata Nexon,2020,9.36,11.11,18762,Diesel,Dealer,Manual,1
BMW 3 Series,2020,50.36,60.0,26836,Petrol,Dealer,Manual,0
Skoda Rapid,2020,9.88,10.4,16971,Petrol,Dealer,Manual,0
Mercedes C-Class,2020,57.0,60.0,7731,Petrol,Dealer,Manual,0
Mercedes C-Class,2020,45.98,60.0,14037,Diesel,Individual,Manual,1
Hyundai Verna,2020,10.86,12.52,14466,Diesel,Dealer,Manual,0
Audi A4,2020,52.12,60.0,20516,Petrol,Dealer,Manual,0
Hyundai Verna,2020,11.1,13.2,9278,Petrol,Individual,Manual,0
Toyota Innova,2020,29.74,32.28,17811,Diesel,Dealer,Manual,1
Maruti Vitara Brezza,2020,7.33,9.47,8527,Petrol,Individual,Manual,0
Honda City,2020,10.5,13.35,23656,Petrol,Dealer,Manual,0
Maruti Baleno,2020,7.27,7.65,19224,Petrol,Dealer,Automatic,0
Tata Harrier,2020,17.66,23.24,20394,Diesel,Individual,Manual,2
Mercedes C-Class,2020,57.0,60.0,13464,Diesel,Individual,Automatic,1
Hyundai Creta,2020,15.96,16.84,13054,Diesel,Dealer,Manual,2
Toyota Etios,2020,8.13,8.92,22247,Petrol,Individual,Manual,0
Mahindra XUV500,2020,18.75,19.74,20028,Diesel,Individual,Manual,0
Mahindra XUV500,2020,21.14,22.25,13576,Petrol,Dealer,Manual,0
Maruti Wagon R,2020,3.7,4.65,26769,Petrol,Individual,Automatic,0
Honda Jazz,2020,7.69,9.11,16910,Petrol,Dealer,Manual,0
Toyota Etios,2020,7.91,8.33,19029,Petrol,Individual,Manual,0
Hyundai i20,2020,6.75,7.11,11074,Petrol,Dealer,Automatic,1
Maruti Baleno,2020,7.0,8.74,11537,Petrol,Individual,Manual,0
Ford Figo,2020,5.63,6.13,15924,Petrol,Individual,Automatic,0
BMW 3 Series,2020,51.04,60.0,22960,CNG,Individual,Manual,0
Hyundai Venue,2020,9.03,10.77,8896,Diesel,Individual,Manual,0
Tata Nexon,2020,9.36,10.05,15240,Petrol,Individual,Manual,0
Renault Duster,2020,10.59,11.55,16915,Petrol,Individual,Manual,0
Hyundai i20,2020,7.05,8.43,13221,Diesel,Individual,Manual,0
Maruti Wagon R,2020,4.39,5.09,20059,Diesel,Individual,Manual,0
Renault Duster,2020,9.99,11.07,7567,Diesel,Individual,Automatic,1
Nissan Micra,2020,3.86,4.72,18599,Petrol,Individual,Manual,0
Hyundai Creta,2020,14.9,17.96,18026,Petrol,Individual,Automatic,3
BMW 3 Series,2020,55.84,60.0,23996,Petrol,Dealer,Manual,0
Mahindra Bolero,2020,7.87,9.32,11236,Diesel,Dealer,Manual,0
Nissan Micra,2020,5.78,6.08,17386,Petrol,Dealer,Manual,0
Honda City,2020,12.79,13.46,24510,Petrol,Individual,Manual,0
Hyundai Verna,2020,12.11,12.75,14482,Diesel,Individual,Manual,0
Maruti Wagon R,2020,4.52,5.22,19801,Petrol,Dealer,Manual,0
Tata Nexon,2020,10.92,11.5,10066,Petrol,Dealer,Automatic,0
Tata Harrier,2020,20.87,21.97,6306,Diesel,Individual,Manual,0
Honda Jazz,2020,6.71,7.89,17131,Petrol,Individual,Manual,0
Honda City,2020,10.28,11.66,8836,Petrol,Dealer,Manual,2
BMW 3 Series,2020,57.0,60.0,26269,Petrol,Dealer,Automatic,0
Honda City,2020,15.42,16.23,17445,Diesel,Dealer,Manual,0
Maruti Swift,2020,4.9,5.92,21339,Petrol,Individual,Manual,0
Nissan Micra,2020,5.17,5.44,8483,Diesel,Individual,Manual,0
Maruti Vitara Brezza,2020,7.11,8.11,9394,Petrol,Individual,Manual,0
Skoda Rapid,2020,10.05,10.73,16732,Petrol,Dealer,Manual,0
Toyota Innova,2020,28.22,32.52,19547,Petrol,Individual,Manual,0
Volkswagen Polo,2020,6.45,7.52,22559,Petrol,Individual,Manual,0
Toyota Etios,2020,6.09,7.54,16932,Petrol,Individual,Manual,0
Honda City,2020,14.66,15.65,11456,Petrol,Individual,Automatic,0
Maruti Vitara Brezza,2020,9.31,10.7,18595,Diesel,Individual,Manual,0
Tata Harrier,2020,23.38,24.97,18939,Diesel,Individual,Manual,0
Maruti Wagon R,2020,3.7,4.45,15244,Petrol,Individual,Manual,0
Toyota Innova,2020,22.88,27.11,21251,Petrol,Individual,Manual,1
Skoda Rapid,2020,6.84,9.24,27057,Petrol,Individual,Manual,1
Toyota Innova,2020,27.32,32.48,10346,Petrol,Individual,Manual,0
Renault Kwid,2020,2.83,3.68,27285,Petrol,Individual,Manual,0
Maruti Baleno,2020,4.69,6.8,24839,Diesel,Individual,Manual,2
Hyundai Venue,2020,9.39,9.88,11681,Petrol,Individual,Manual,0
Mahindra XUV500,2020,19.94,26.08,23880,Diesel,Individual,Manual,0
Honda Amaze,2020,6.8,8.77,9455,Diesel,Individual,Manual,3
Renault Duster,2020,10.97,12.86,16141,Petrol,Individual,Manual,1
Toyota Etios,2020,6.85,8.36,24577,CNG,Dealer,Manual,0
Toyota Fortuner,2020,56.66,60.0,12061,Petrol,Dealer,Manual,0
Mahindra XUV500,2020,21.9,26.66,24227,Petrol,Dealer,Automatic,0
Honda City,2020,12.14,12.78,9318,Petrol,Individual,Manual,0
Tata Harrier,2020,27.75,29.21,11461,Diesel,Dealer,Manual,0
Ford EcoSport,2019,8.96,10.18,27125,Petrol,Individual,Automatic,1
Toyota Fortuner,2019,51.73,60.0,25031,Diesel,Individual,Manual,0
Hyundai Venue,2019,7.48,9.05,20416,Petrol,Dealer,Manual,0
Tata Tiago,2019,3.87,5.06,32667,Diesel,Individual,Manual,1
Hyundai Creta,2019,15.61,19.95,20237,Petrol,Individual,Manual,0
Hyundai Verna,2019,11.23,13.5,31889,Petrol,Individual,Manual,0
Maruti Swift,2019,5.6,6.06,30481,Petrol,Dealer,Manual,0
Toyota Fortuner,2019,42.95,60.0,30250,Petrol,Individual,Manual,0
Hyundai i10,2019,3.23,4.08,28108,Petrol,Dealer,Manual,0
Toyota Etios,2019,6.02,8.04,16891,Diesel,Individual,Manual,0
Volkswagen Polo,2019,6.77,7.89,16408,Diesel,Individual,Manual,0
Volkswagen Polo,2019,6.61,7.74,22131,Petrol,Individual,Manual,0
Mahindra Scorpio,2019,18.33,22.29,16106,Petrol,Dealer,Manual,1
Hyundai Venue,2019,9.5,11.84,26446,Petrol,Dealer,Manual,0
Mahindra Scorpio,2019,14.82,22.02,36330,Petrol,Individual,Manual,0
Mahindra Scorpio,2019,15.68,18.82,11663,Petrol,Dealer,Manual,0
Toyota Innova,2019,20.48,30.46,22483,Diesel,Individual,Manual,3
Ford Figo,2019,4.06,5.53,25662,Petrol,Individual,Manual,1
Honda City,2019,9.82,11.7,32668,Petrol,Dealer,Manual,0
Tata Harrier,2019,17.49,23.21,23231,Diesel,Individual,Manual,0
Mercedes C-Class,2019,49.85,60.0,33361,Diesel,Individual,Manual,0
Renault Duster,2019,9.16,11.42,32707,Diesel,Individual,Manual,0
Audi A4,2019,51.72,60.0,23787,Petrol,Individual,Manual,0
Renault Kwid,2019,2.52,3.74,17606,CNG,Individual,Manual,0
Hyundai i20,2019,5.13,7.4,25834,Petrol,Individual,Manual,0
Nissan Micra,2019,4.39,5.83,31639,Petrol,Dealer,Manual,1
BMW 3 Series,2019,49.23,60.0,31230,Petrol,Individual,Manual,0
Honda Amaze,2019,6.6,7.76,25172,Petrol,Dealer,Manual,0
Renault Kwid,2019,3.78,4.06,27972,Petrol,Dealer,Manual,0
Volkswagen Vento,2019,11.5,13.46,12543,Petrol,Individual,Automatic,0
Tata Harrier,2019,22.22,27.46,21219,Petrol,Dealer,Manual,1
Ford Figo,2019,4.18,5.02,22347,Petrol,Individual,Automatic,0
Renault Duster,2019,11.03,12.97,10717,Diesel,Individual,Manual,0
Ford Figo,2019,4.22,5.5,18144,Diesel,Individual,Manual,0
Mahindra Scorpio,2019,15.35,19.39,11105,Petrol,Individual,Manual,1
Tata Harrier,2019,20.11,24.45,16940,Diesel,Individual,Manual,0
Ford EcoSport,2019,8.69,9.15,31927,Petrol,Dealer,Manual,0
Maruti Wagon R,2019,4.13,5.08,18701,CNG,Dealer,Manual,0
Hyundai Venue,2019,8.35,11.0,26760,Petrol,Individual,Manual,0
Audi A4,2019,48.9,60.0,25463,Diesel,Individual,Manual,0
Tata Nexon,2019,11.49,12.09,10105,Petrol,Dealer,Automatic,0
Maruti Vitara Brezza,2019,9.53,11.61,14390,Petrol,Individual,Manual,0
Honda City,2019,11.43,14.25,34292,Diesel,Individual,Manual,0
Mahindra Scorpio,2019,16.29,19.28,25000,Diesel,Individual,Manual,0
Toyota Fortuner,2019,51.58,60.0,24245,Petrol,Dealer,Manual,0
Hyundai Creta,2019,14.89,19.1,28059,Petrol,Individual,Manual,1
Ford EcoSport,2019,8.94,10.15,34670,Petrol,Dealer,Manual,0
Mercedes C-Class,2019,45.84,60.0,30258,Petrol,Individual,Manual,0
Honda Jazz,2019,8.4,9.23,24357,Diesel,Individual,Manual,0
Mercedes C-Class,2019,48.69,60.0,31351,Diesel,Dealer,Manual,2
Toyota Etios,2019,5.67,7.9,21301,Diesel,Individual,Manual,0
Volkswagen Polo,2019,6.35,7.06,15913,Petrol,Dealer,Manual,0
Audi A4,2019,40.16,60.0,28340,Petrol,Individual,Manual,3
Tata Nexon,2019,9.49,10.38,27614,Diesel,Individual,Manual,0
Volkswagen Vento,2019,10.55,12.19,32756,Petrol,Dealer,Automatic,0
Maruti Baleno,2019,6.83,8.5,13516,Petrol,Individual,Manual,1
Audi A4,2019,50.27,60.0,33425,Diesel,Dealer,Manual,0
Tata Tiago,2019,4.58,5.02,13104,Petrol,Dealer,Manual,0
Tata Harrier,2019,21.98,27.27,19674,Petrol,Individual,Manual,0
Tata Nexon,2019,8.63,10.98,15169,Diesel,Individual,Automatic,0
Skoda Rapid,2019,7.08,9.73,22545,Petrol,Individual,Manual,1
Renault Kwid,2019,2.86,3.65,25654,Petrol,Individual,Manual,1
Audi A4,2019,46.28,60.0,19477,Petrol,Dealer,Manual,1
Honda Amaze,2019,6.49,8.04,17194,Petrol,Individual,Manual,0
Honda Amaze,2019,5.26,7.13,29411,Petrol,Individual,Manual,0
Mahindra Scorpio,2019,16.74,18.41,14253,Diesel,Individual,Manual,0
Toyota Innova,2019,23.92,30.13,25804,Petrol,Dealer,Manual,0
Maruti Wagon R,2019,3.32,4.8,25556,Petrol,Dealer,Manual,3
BMW 3 Series,2019,44.68,60.0,15710,Petrol,Individual,Manual,0
Honda Jazz,2019,8.46,9.51,12873,Petrol,Individual,Manual,0
Volkswagen Vento,2019,10.14,12.66,21615,Petrol,Individual,Manual,0
Maruti Ciaz,2019,8.07,9.43,31067,Diesel,Individual,Manual,0
Renault Kwid,2019,3.09,3.92,22929,Diesel,Individual,Manual,0
Renault Duster,2019,8.34,11.95,23994,Petrol,Individual,Manual,0
Maruti Ciaz,2019,7.36,10.84,28798,Petrol,Individual,Manual,0
Maruti Baleno,2019,7.19,8.31,18663,Petrol,Individual,Automatic,0
Hyundai Creta,2019,19.49,22.15,21518,Diesel,Dealer,Manual,0
Ford EcoSport,2019,6.51,8.27,29168,Petrol,Individual,Manual,0
Mahindra Scorpio,2019,16.83,18.96,18492,Diesel,Dealer,Manual,0
Maruti Baleno,2019,5.93,7.29,33302,Petrol,Individual,Manual,0
Toyota Fortuner,2019,50.72,60.0,22003,CNG,Dealer,Manual,0
Mahindra Scorpio,2019,13.98,19.16,27283,Petrol,Dealer,Manual,2
Toyota Etios,2019,6.4,7.82,11946,Petrol,Individual,Manual,0
Tata Tiago,2019,4.36,5.22,27394,Petrol,Dealer,Manual,1
Renault Duster,2019,9.99,12.65,18277,Petrol,Individual,Automatic,1
Maruti Baleno,2019,6.31,7.58,23674,Petrol,Individual,Manual,0
Hyundai i10,2019,3.92,4.26,26305,Diesel,Dealer,Automatic,0
Skoda Rapid,2019,8.97,10.68,30747,Diesel,Individual,Manual,0
Hyundai i20,2019,5.99,7.29,31375,Petrol,Dealer,Manual,0
Tata Tiago,2019,4.61,5.84,24169,Petrol,Dealer,Manual,3
Maruti Alto,2019,3.21,3.57,12317,Petrol,Individual,Automatic,0
Mahindra Scorpio,2019,17.32,21.8,20409,Diesel,Dealer,Manual,0
Honda City,2019,10.24,13.86,18030,Petrol,Individual,Manual,0
Hyundai Creta,2019,15.41,20.45,19103,Diesel,Individual,Manual,1
Toyota Fortuner,2019,44.4,60.0,31664,Petrol,Individual,Manual,0
Hyundai i20,2019,5.94,7.84,29333,Petrol,Individual,Manual,1
Maruti Swift,2019,5.41,6.75,32491,Petrol,Dealer,Manual,0
Skoda Rapid,2019,7.13,8.83,23526,Petrol,Individual,Manual,0
Honda Amaze,2019,6.23,7.74,15492,Petrol,Individual,Manual,0
Maruti Wagon R,2019,3.52,4.26,19073,Diesel,Dealer,Manual,0
Honda Amaze,2019,5.93,8.37,22593,Petrol,Individual,Manual,1
Mercedes C-Class,2019,43.92,60.0,14510,CNG,Individual,Manual,0
Ford Figo,2019,4.88,5.44,28603,Petrol,Dealer,Manual,0
Maruti Wagon R,2019,4.23,5.54,25772,Diesel,Individual,Manual,0
Nissan Micra,2019,4.38,5.36,21522,Petrol,Individual,Manual,0
Maruti Swift,2019,4.64,6.06,33133,Petrol,Individual,Manual,1
Volkswagen Vento,2019,9.99,11.73,25355,Petrol,Individual,Automatic,0
Ford EcoSport,2019,6.53,10.13,25659,Petrol,Individual,Manual,2
Tata Tiago,2019,3.99,5.04,15418,Petrol,Individual,Manual,0
BMW 3 Series,2019,44.37,60.0,26612,Petrol,Individual,Manual,0
Mahindra Bolero,2019,8.27,10.23,19349,Diesel,Individual,Manual,0
Tata Nexon,2019,8.31,10.96,28926,Petrol,Individual,Manual,1
Ford Figo,2019,3.59,5.42,11145,Petrol,Individual,Manual,0
Mahindra XUV500,2019,14.58,19.57,14131,Petrol,Individual,Manual,0
Toyota Fortuner,2019,50.11,60.0,24679,Petrol,Dealer,Manual,1
Tata Tiago,2019,4.64,5.08,20699,Petrol,Individual,Automatic,0
Volkswagen Polo,2019,5.7,7.46,31505,Petrol,Individual,Manual,0
Maruti Ciaz,2019,8.5,10.33,28407,Petrol,Individual,Manual,0
Hyundai Venue,2019,8.6,10.81,26742,Petrol,Individual,Manual,0
Hyundai i20,2019,5.66,7.95,16177,Petrol,Individual,Manual,1
Tata Tiago,2019,4.17,5.04,29850,Petrol,Dealer,Manual,0
Maruti Ciaz,2019,7.54,9.99,27300,Diesel,Dealer,Manual,0
Maruti Vitara Brezza,2019,9.69,10.7,18893,Diesel,Individual,Manual,0
Volkswagen Polo,2019,6.02,7.1,29965,Petrol,Dealer,Manual,0
Toyota Fortuner,2019,39.99,59.58,16352,CNG,Individual,Manual,0
Maruti Alto,2019,2.3,3.74,22635,CNG,Individual,Manual,1
Renault Duster,2019,8.88,10.88,30212,Petrol,Individual,Manual,0
Hyundai Verna,2019,9.29,12.81,24687,Petrol,Individual,Manual,0
Hyundai Venue,2019,7.55,9.13,26321,Diesel,Dealer,Manual,0
Honda Amaze,2019,6.45,7.95,26400,Petrol,Dealer,Manual,0
Hyundai Creta,2019,14.05,20.46,26738,Petrol,Individual,Manual,1
Maruti Wagon R,2019,3.05,4.3,27460,Petrol,Individual,Manual,0
Ford EcoSport,2019,7.09,9.01,16061,Petrol,Dealer,Manual,2
Volkswagen Vento,2019,9.82,11.17,29247,Petrol,Dealer,Manual,0
Tata Nexon,2019,6.91,8.56,13671,Petrol,Individual,Manual,1
Renault Kwid,2019,2.8,3.62,26057,Petrol,Individual,Manual,0
Skoda Rapid,2019,9.45,10.48,27778,Petrol,Dealer,Manual,0
Tata Harrier,2019,20.35,23.84,29446,Petrol,Dealer,Manual,0
Ford Figo,2019,4.29,4.96,19360,Petrol,Dealer,Manual,1
Hyundai Creta,2019,15.28,19.44,18590,Petrol,Dealer,Manual,0
Tata Harrier,2019,19.26,25.62,15981,Petrol,Dealer,Manual,0
Hyundai Venue,2019,7.56,10.12,27214,CNG,Individual,Manual,0
Honda Amaze,2019,5.42,7.48,28363,Petrol,Individual,Manual,1
Mahindra Scorpio,2019,14.92,18.31,22050,CNG,Dealer,Manual,0
Tata Tiago,2019,5.05,5.52,17980,Diesel,Dealer,Manual,0
Maruti Baleno,2019,5.93,7.24,22446,Diesel,Individual,Manual,0
Mahindra Scorpio,2019,15.57,19.52,26651,Petrol,Individual,Manual,0
Maruti Wagon R,2019,3.88,5.1,24857,Petrol,Individual,Manual,3
Hyundai Creta,2019,17.49,20.27,23783,Petrol,Individual,Manual,0
Renault Kwid,2019,3.53,3.81,13192,Petrol,Individual,Automatic,0
Mahindra Bolero,2019,6.24,8.37,26721,Petrol,Dealer,Manual,1
BMW 3 Series,2019,43.85,60.0,20690,CNG,Dealer,Manual,2
Honda City,2019,11.99,14.28,31543,Petrol,Dealer,Manual,0
Renault Duster,2019,7.57,10.61,30872,Petrol,Individual,Manual,1
Hyundai i20,2019,6.43,7.56,28497,Petrol,Individual,Manual,0
Hyundai i20,2019,5.64,8.03,29628,CNG,Individual,Manual,0
Mahindra XUV500,2019,19.66,22.94,19257,Petrol,Individual,Automatic,0
Mahindra XUV500,2019,19.15,24.25,27916,Petrol,Individual,Manual,0
Mercedes C-Class,2019,46.67,60.0,20119,Diesel,Individual,Manual,0
Maruti Swift,2019,6.15,6.92,30601,Diesel,Individual,Manual,1
Volkswagen Polo,2019,6.58,7.61,24573,Diesel,Individual,Automatic,1
Tata Harrier,2019,20.68,26.03,28414,CNG,Dealer,Manual,0
Hyundai Creta,2019,13.84,18.61,27668,Diesel,Dealer,Manual,1
Honda Amaze,2019,6.91,7.63,20787,Petrol,Individual,Automatic,0
Maruti Wagon R,2019,4.5,5.25,27007,Diesel,Individual,Manual,0
Maruti Swift,2019,5.71,6.53,19758,Diesel,Dealer,Manual,0
Maruti Alto,2019,2.78,3.43,12744,Petrol,Dealer,Manual,1
Maruti Swift,2019,5.7,6.38,22311,Petrol,Dealer,Manual,0
Maruti Alto,2019,2.26,3.05,21556,Petrol,Dealer,Manual,0
BMW 3 Series,2019,48.56,60.0,24619,Diesel,Dealer,Manual,0
Maruti Alto,2019,3.12,3.8,18110,Petrol,Dealer,Automatic,2
Maruti Wagon R,2019,4.46,4.94,14339,Petrol,Dealer,Manual,1
Mahindra Bolero,2019,7.36,10.22,31243,CNG,Dealer,Manual,1
BMW 3 Series,2019,57.0,60.0,21268,Petrol,Dealer,Automatic,1
Toyota Fortuner,2019,43.98,60.0,24558,Petrol,Individual,Manual,0
Audi A4,2019,50.07,60.0,25372,Petrol,Dealer,Manual,0
Renault Kwid,2019,2.39,3.57,26131,Petrol,Individual,Manual,0
Tata Harrier,2019,19.68,25.71,22027,Diesel,Individual,Manual,1
Maruti Alto,2019,2.89,3.83,32406,Petrol,Individual,Manual,0
Toyota Fortuner,2019,53.45,60.0,31587,Petrol,Dealer,Manual,0
Hyundai Creta,2019,18.76,22.74,26303,Petrol,Individual,Manual,0
Renault Duster,2019,12.01,13.23,25415,Diesel,Dealer,Manual,0
Mahindra Scorpio,2019,13.97,18.89,12038,Petrol,Individual,Manual,0
Honda Amaze,2019,6.62,7.49,28562,Petrol,Dealer,Automatic,0
Audi A4,2019,47.07,60.0,34930,Petrol,Dealer,Manual,0
Toyota Fortuner,2019,56.39,60.0,15028,Petrol,Dealer,Manual,0
Mahindra XUV500,2019,20.01,22.28,14381,Diesel,Individual,Manual,0
Toyota Fortuner,2019,40.47,60.0,20199,Petrol,Individual,Manual,0
Maruti Alto,2019,3.26,3.59,20663,Petrol,Individual,Automatic,0
Hyundai i20,2019,6.14,7.65,24556,Diesel,Individual,Manual,0
Honda Jazz,2019,7.53,8.47,23538,Petrol,Individual,Automatic,0
Tata Tiago,2019,3.67,4.9,25688,Petrol,Individual,Manual,1
Ford Figo,2019,3.91,5.39,18056,Petrol,Individual,Manual,0
Maruti Vitara Brezza,2019,9.29,10.07,17288,Diesel,Dealer,Manual,0
Toyota Fortuner,2019,49.67,60.0,30411,Petrol,Dealer,Manual,0
Mahindra XUV500,2019,17.3,25.88,24048,Diesel,Individual,Manual,0
Hyundai Creta,2019,14.22,20.36,18787,CNG,Individual,Manual,1
Hyundai Venue,2019,9.55,10.3,16001,Petrol,Dealer,Manual,0
Tata Tiago,2019,4.63,5.29,23236,Diesel,Dealer,Manual,0
Nissan Micra,2019,6.03,6.49,27089,Petrol,Dealer,Automatic,0
Honda Amaze,2019,6.91,7.27,25501,Petrol,Dealer,Manual,0
Mahindra XUV500,2019,22.63,24.3,14671,Diesel,Dealer,Manual,0
Hyundai Venue,2019,9.96,11.39,22987,Petrol,Individual,Manual,0
Honda Amaze,2019,5.18,7.27,28894,Petrol,Individual,Manual,0
Mahindra Scorpio,2019,18.31,19.94,19110,Petrol,Dealer,Manual,0
Maruti Alto,2019,3.2,3.67,18154,Diesel,Dealer,Manual,1
Toyota Fortuner,2019,41.73,60.0,30322,Petrol,Individual,Manual,0
Hyundai i10,2019,4.03,4.6,23015,Petrol,Individual,Automatic,1
Tata Harrier,2019,16.16,20.82,28024,Petrol,Individual,Manual,0
Toyota Innova,2019,25.18,30.69,20763,Diesel,Individual,Manual,0
Mahindra Scorpio,2019,13.65,19.98,28193,Petrol,Dealer,Manual,2
Maruti Swift,2019,5.33,6.9,24988,Petrol,Individual,Manual,0
Maruti Wagon R,2019,4.06,4.74,22585,Diesel,Individual,Automatic,0
Honda Jazz,2019,6.18,8.85,20540,Petrol,Individual,Manual,3
Hyundai Verna,2019,10.0,13.76,28077,CNG,Dealer,Manual,0
Toyota Innova,2019,21.95,29.26,31451,Petrol,Individual,Manual,1
Honda Jazz,2019,8.26,8.85,27245,Petrol,Individual,Automatic,0
Tata Tiago,2019,3.67,5.23,33287,Petrol,Individual,Manual,0
Hyundai Verna,2019,12.48,14.26,24527,Diesel,Individual,Manual,0
Maruti Baleno,2019,7.23,7.84,24362,Petrol,Dealer,Manual,0
Skoda Rapid,2019,5.44,7.43,12302,Diesel,Individual,Manual,0
Hyundai Creta,2019,13.92,18.22,15889,Petrol,Individual,Manual,0
Ford Figo,2019,4.32,5.49,22780,Diesel,Dealer,Manual,1
Tata Nexon,2019,7.52,10.04,17669,Petrol,Dealer,Manual,1
Maruti Wagon R,2019,4.56,5.31,22406,Diesel,Dealer,Manual,0
Volkswagen Vento,2019,8.93,11.44,31389,Petrol,Dealer,Manual,0
Mahindra XUV500,2019,16.17,22.72,31479,Petrol,Individual,Manual,0
Volkswagen Polo,2019,7.04,8.94,15202,Petrol,Individual,Manual,0
Renault Kwid,2019,3.17,3.61,19221,Petrol,Dealer,Manual,0
Maruti Baleno,2019,5.64,7.29,21831,Diesel,Individual,Manual,1
Hyundai Verna,2019,10.05,13.43,27668,Petrol,Individual,Manual,0
Hyundai Creta,2019,19.39,23.03,14380,Petrol,Individual,Manual,0
Ford Figo,2019,5.1,5.83,15030,Diesel,Dealer,Manual,0
Nissan Micra,2019,3.5,4.87,32707,Petrol,Individual,Manual,1
Mercedes C-Class,2019,50.62,60.0,15826,Diesel,Individual,Manual,0
Hyundai Creta,2019,17.29,21.43,19753,Diesel,Individual,Manual,0
Maruti Baleno,2019,6.62,8.56,10272,Diesel,Dealer,Manual,0
Skoda Rapid,2019,7.95,10.62,32577,Petrol,Individual,Manual,1
Audi A4,2019,38.96,60.0,33979,Petrol,Individual,Manual,3
Volkswagen Polo,2019,5.8,7.76,28209,Petrol,Individual,Manual,0
Tata Harrier,2019,26.59,29.46,14143,Petrol,Dealer,Manual,0
Hyundai Creta,2019,15.92,20.45,27516,Petrol,Individual,Manual,0
Hyundai Verna,2019,10.09,12.16,20088,Petrol,Dealer,Manual,0
Maruti Vitara Brezza,2019,8.08,9.84,14693,Petrol,Individual,Manual,0
Renault Duster,2019,9.44,11.49,27675,Diesel,Individual,Manual,1
Toyota Etios,2019,5.68,8.67,33666,CNG,Individual,Manual,1
Nissan Micra,2019,4.45,5.78,22597,Petrol,Individual,Manual,0
Hyundai Verna,2019,10.66,14.22,20827,Petrol,Individual,Manual,0
Renault Duster,2019,8.56,11.23,28244,Petrol,Individual,Manual,1
Toyota Innova,2019,17.06,27.08,17608,Petrol,Individual,Manual,3
Honda City,2019,12.21,15.28,23716,Petrol,Dealer,Manual,1
Maruti Baleno,2019,6.45,7.81,17225,Petrol,Individual,Automatic,0
Maruti Baleno,2019,5.93,7.33,21162,Diesel,Individual,Manual,0
Maruti Baleno,2019,7.0,8.24,21269,Diesel,Dealer,Manual,0
Honda Amaze,2019,6.94,8.05,13297,Diesel,Individual,Manual,0
Hyundai Venue,2019,7.94,11.22,32327,Diesel,Individual,Manual,0
Maruti Ciaz,2019,6.18,9.22,32799,Petrol,Individual,Manual,2
Mahindra Scorpio,2019,15.83,18.67,32503,Petrol,Dealer,Manual,0
Honda Amaze,2019,6.09,8.17,8934,Diesel,Individual,Manual,0
Renault Duster,2019,9.91,10.43,20001,Petrol,Dealer,Automatic,2
Ford Figo,2019,4.6,5.46,23933,Petrol,Individual,Manual,0
Renault Kwid,2019,3.45,3.63,27674,Diesel,Dealer,Manual,0
Maruti Wagon R,2019,4.12,5.68,22803,Petrol,Individual,Manual,1
Maruti Alto,2019,3.27,3.6,25443,Diesel,Dealer,Manual,0
Maruti Swift,2019,4.45,6.38,18921,Petrol,Individual,Manual,0
Audi A4,2019,45.78,60.0,30634,Petrol,Dealer,Manual,3
Volkswagen Vento,2019,10.1,12.31,32163,Petrol,Dealer,Automatic,0
Hyundai i10,2019,3.08,4.25,16153,Petrol,Individual,Manual,2
Renault Kwid,2019,2.59,3.25,27149,Diesel,Individual,Manual,1
Maruti Vitara Brezza,2019,7.69,9.11,25802,Petrol,Dealer,Manual,0
Hyundai Venue,2019,8.19,9.71,20083,Petrol,Dealer,Manual,0
Renault Duster,2019,9.94,13.42,13708,Petrol,Individual,Manual,0
Honda Jazz,2019,9.08,9.56,31915,Diesel,Dealer,Manual,0
Maruti Vitara Brezza,2019,7.28,9.76,26804,Diesel,Dealer,Manual,2
BMW 3 Series,2019,43.5,60.0,29604,Petrol,Individual,Manual,1
Mercedes C-Class,2019,48.8,60.0,31131,Diesel,Dealer,Manual,0
Mahindra Scorpio,2019,13.72,17.74,14403,Petrol,Individual,Manual,0
Ford EcoSport,2019,7.67,10.57,28496,CNG,Individual,Manual,0
Toyota Innova,2019,24.24,28.68,21017,Petrol,Dealer,Manual,0
Maruti Vitara Brezza,2019,8.17,10.56,24300,Petrol,Individual,Manual,0
Toyota Etios,2019,6.61,8.96,15087,Petrol,Individual,Manual,0
Honda Jazz,2019,7.62,9.27,14470,Diesel,Individual,Manual,0
Toyota Etios,2019,5.36,8.58,34186,Petrol,Individual,Manual,1
Volkswagen Polo,2019,5.97,7.98,12304,CNG,Individual,Manual,0
Toyota Etios,2019,6.52,7.06,23835,Diesel,Individual,Manual,0
Maruti Ciaz,2019,9.47,10.62,25908,Petrol,Individual,Automatic,0
Ford EcoSport,2019,8.15,10.5,33363,Diesel,Individual,Manual,0
Honda Jazz,2019,6.59,8.76,30118,Petrol,Individual,Manual,0
Honda Jazz,2019,6.88,9.35,33768,Petrol,Individual,Manual,0
BMW 3 Series,2019,44.12,60.0,22642,Petrol,Dealer,Manual,0
Toyota Fortuner,2019,47.96,60.0,33670,Diesel,Individual,Manual,0
Honda Jazz,2019,8.97,10.09,31314,Petrol,Individual,Automatic,0
Renault Duster,2019,10.22,12.29,23739,Diesel,Individual,Manual,0
Tata Harrier,2019,18.86,24.98,27180,Petrol,Individual,Manual,0
Maruti Vitara Brezza,2019,8.44,10.32,19061,Petrol,Dealer,Manual,0
Toyota Innova,2019,23.95,31.78,20325,Petrol,Individual,Manual,0
Nissan Micra,2019,3.99,5.08,29048,Petrol,Individual,Manual,0
Maruti Wagon R,2019,3.67,4.73,18761,Petrol,Individual,Manual,1
Volkswagen Vento,2019,9.3,11.76,32258,Petrol,Individual,Manual,0
Audi A4,2019,50.39,60.0,17916,Petrol,Individual,Manual,0
Volkswagen Polo,2019,6.65,7.0,14645,Diesel,Dealer,Manual,1
Ford EcoSport,2019,8.26,9.89,29584,Petrol,Individual,Manual,0
Maruti Wagon R,2019,4.35,4.99,11191,Petrol,Dealer,Manual,0
Renault Kwid,2019,3.37,4.01,24843,Petrol,Dealer,Manual,0
Skoda Rapid,2019,8.34,10.44,24149,Diesel,Individual,Manual,0
Maruti Ciaz,2019,8.15,11.21,23358,Petrol,Individual,Manual,0
Nissan Micra,2019,4.64,5.61,17591,Petrol,Individual,Manual,0
Maruti Swift,2019,4.29,5.94,23073,Diesel,Individual,Manual,1
Volkswagen Polo,2019,5.97,7.1,32125,Diesel,Individual,Manual,0
Hyundai Verna,2019,8.21,12.02,13937,Petrol,Individual,Manual,3
Hyundai Creta,2019,14.26,19.01,27626,Petrol,Individual,Manual,1
Toyota Fortuner,2019,48.63,60.0,25205,Diesel,Individual,Manual,0
Volkswagen Polo,2019,6.07,7.91,13641,Diesel,Individual,Manual,1
Maruti Wagon R,2019,5.06,5.87,29471,Diesel,Dealer,Manual,0
Maruti Baleno,2019,6.46,8.21,17741,Petrol,Dealer,Manual,2
Honda City,2019,12.47,14.5,15878,Diesel,Individual,Manual,0
Hyundai Verna,2019,10.69,14.3,13819,Diesel,Individual,Manual,1
Hyundai i10,2019,3.0,4.02,31814,Petrol,Individual,Manual,0
BMW 3 Series,2019,38.91,60.0,27619,Diesel,Individual,Manual,2
Toyota Fortuner,2019,49.06,60.0,20563,Diesel,Dealer,Manual,0
Nissan Micra,2019,3.61,4.97,24924,Petrol,Individual,Manual,1
Nissan Micra,2019,4.5,5.34,16089,Diesel,Individual,Manual,0
Tata Tiago,2019,4.78,5.59,25121,Petrol,Individual,Automatic,0
Nissan Micra,2019,4.91,6.14,27751,Petrol,Individual,Manual,0
Maruti Wagon R,2019,4.17,5.59,16762,Petrol,Individual,Manual,1
Toyota Etios,2018,6.88,8.78,15751,Diesel,Individual,Manual,0
Honda Jazz,2018,6.24,8.28,28486,Diesel,Dealer,Manual,0
Skoda Rapid,2018,6.82,10.38,21871,Petrol,Individual,Manual,1
Mahindra Bolero,2018,8.09,11.03,36774,Diesel,Individual,Manual,0
Ford EcoSport,2018,8.68,9.56,20526,Diesel,Individual,Manual,0
Hyundai i10,2018,3.17,4.23,30111,Diesel,Dealer,Manual,0
Maruti Alto,2018,2.29,3.11,28911,Petrol,Dealer,Manual,0
Hyundai Verna,2018,9.76,14.17,22352,Diesel,Individual,Manual,1
Audi A4,2018,38.19,60.0,33235,Diesel,Individual,Manual,3
Maruti Alto,2018,2.26,3.5,34983,CNG,Individual,Manual,0
Renault Duster,2018,6.75,10.04,38906,Petrol,Individual,Manual,0
Maruti Wagon R,2018,3.93,5.1,22571,Petrol,Dealer,Manual,1
Tata Tiago,2018,3.8,5.34,21024,Diesel,Individual,Manual,0
Ford EcoSport,2018,8.13,10.74,39783,Petrol,Individual,Manual,0
Maruti Vitara Brezza,2018,7.33,9.8,37384,Petrol,Individual,Manual,0
Hyundai i20,2018,6.14,7.54,29333,Diesel,Dealer,Manual,0
Toyota Innova,2018,24.85,29.91,21654,Diesel,Individual,Manual,0
BMW 3 Series,2018,46.53,60.0,18408,Petrol,Individual,Automatic,1
Volkswagen Vento,2018,11.17,12.58,30166,Petrol,Dealer,Automatic,0
Audi A4,2018,43.26,60.0,21315,Petrol,Individual,Manual,1
Tata Harrier,2018,16.83,24.54,19856,Petrol,Individual,Manual,0
Mercedes C-Class,2018,39.44,60.0,25200,Petrol,Individual,Manual,0
Hyundai Venue,2018,7.36,9.77,38501,Petrol,Individual,Automatic,0
Tata Tiago,2018,3.83,5.17,31182,Diesel,Individual,Manual,0
Mahindra Bolero,2018,8.1,11.12,24152,Petrol,Individual,Manual,0
Ford Figo,2018,4.69,5.46,16722,Petrol,Dealer,Manual,0
Nissan Micra,2018,4.11,5.62,28030,Petrol,Dealer,Manual,0
Maruti Wagon R,2018,3.94,4.79,30955,Petrol,Dealer,Manual,1
Audi A4,2018,42.34,60.0,33645,Petrol,Individual,Manual,0
Maruti Alto,2018,3.04,3.74,24528,Petrol,Dealer,Manual,0
Tata Nexon,2018,7.28,10.06,19306,Petrol,Individual,Manual,0
Tata Tiago,2018,4.72,5.98,36510,Petrol,Dealer,Manual,0
Maruti Swift,2018,5.63,7.42,33583,Petrol,Individual,Manual,0
Renault Kwid,2018,2.24,3.33,37336,Petrol,Individual,Manual,0
Mercedes C-Class,2018,47.38,60.0,19423,Petrol,Dealer,Manual,0
Mahindra Scorpio,2018,13.6,19.53,25117,Petrol,Individual,Manual,0
Mahindra Scorpio,2018,15.45,20.03,22982,Diesel,Individual,Manual,0
Renault Kwid,2018,2.48,3.44,31328,Petrol,Individual,Manual,0
Volkswagen Vento,2018,9.65,12.26,33536,Diesel,Dealer,Manual,0
Toyota Fortuner,2018,37.43,60.0,36538,Petrol,Individual,Manual,0
Honda City,2018,11.02,14.65,28681,Petrol,Individual,Manual,0
Skoda Rapid,2018,7.09,10.24,23194,Diesel,Individual,Manual,2
Hyundai Verna,2018,10.29,12.19,21448,Petrol,Dealer,Manual,0
Renault Kwid,2018,2.3,3.52,31540,Diesel,Individual,Manual,1
Volkswagen Vento,2018,8.13,11.7,31763,Diesel,Individual,Manual,0
Hyundai Verna,2018,10.14,15.62,24687,Petrol,Individual,Manual,2
Toyota Etios,2018,6.31,8.64,19991,Petrol,Individual,Automatic,0
Maruti Alto,2018,2.34,3.29,36198,Petrol,Individual,Manual,0
Mahindra XUV500,2018,18.36,23.74,44284,Petrol,Individual,Manual,0
Renault Kwid,2018,3.17,4.18,25009,Petrol,Dealer,Manual,0
Hyundai Verna,2018,10.82,13.71,35010,Diesel,Dealer,Manual,0
Tata Harrier,2018,18.1,24.14,24463,Petrol,Individual,Automatic,0
Volkswagen Polo,2018,5.92,8.99,31605,Petrol,Individual,Manual,0
Maruti Swift,2018,4.18,6.22,17264,Petrol,Individual,Manual,2
Maruti Ciaz,2018,8.11,11.64,30700,Diesel,Individual,Manual,0
Audi A4,2018,46.8,60.0,23489,Petrol,Dealer,Manual,0
Hyundai i10,2018,3.73,4.71,37810,Petrol,Individual,Manual,0
Mahindra XUV500,2018,17.52,22.27,34191,Petrol,Dealer,Automatic,1
Ford Figo,2018,3.87,5.29,23241,Diesel,Individual,Manual,0
Maruti Ciaz,2018,8.38,12.24,22719,Petrol,Individual,Manual,0
Skoda Rapid,2018,6.56,11.07,32675,Petrol,Individual,Manual,0
Ford EcoSport,2018,7.58,8.16,31482,Diesel,Dealer,Automatic,0
Audi A4,2018,42.74,60.0,20314,Petrol,Individual,Automatic,2
Maruti Vitara Brezza,2018,7.26,9.35,32109,Diesel,Dealer,Manual,0
Mahindra Bolero,2018,8.59,11.29,29222,Diesel,Individual,Automatic,1
Hyundai Creta,2018,14.96,20.32,21772,Petrol,Individual,Manual,1
Audi A4,2018,39.94,60.0,32750,Petrol,Individual,Manual,0
BMW 3 Series,2018,51.79,60.0,15632,Petrol,Dealer,Manual,0
Ford Figo,2018,4.48,5.89,19262,Diesel,Individual,Manual,0
Mahindra Scorpio,2018,13.84,19.27,36688,Petrol,Dealer,Manual,0
Ford Figo,2018,3.07,4.67,27728,Petrol,Individual,Automatic,0
Maruti Baleno,2018,5.99,8.11,36416,Petrol,Dealer,Manual,0
Skoda Rapid,2018,6.17,10.14,34844,Petrol,Individual,Manual,2
Maruti Baleno,2018,5.8,8.09,27261,Petrol,Individual,Manual,0
Hyundai i10,2018,3.64,4.21,20724,Petrol,Dealer,Manual,0
Hyundai Verna,2018,10.65,13.92,37160,Petrol,Individual,Manual,0
Maruti Swift,2018,4.73,6.27,15362,Petrol,Dealer,Manual,0
Hyundai Verna,2018,11.14,13.19,30962,Petrol,Individual,Automatic,0
Maruti Vitara Brezza,2018,7.79,10.51,36068,Petrol,Individual,Manual,0
Maruti Swift,2018,5.12,6.98,29946,Petrol,Dealer,Manual,0
Maruti Wagon R,2018,3.37,4.81,29570,Petrol,Individual,Manual,1
Ford EcoSport,2018,6.42,9.28,30038,Petrol,Individual,Manual,0
Tata Harrier,2018,17.39,26.46,23633,Petrol,Individual,Manual,0
Mahindra Scorpio,2018,14.34,20.77,29644,Petrol,Individual,Manual,0
Hyundai Creta,2018,13.51,16.73,33922,Petrol,Dealer,Manual,0
Maruti Alto,2018,3.5,4.18,20376,Petrol,Individual,Automatic,0
Mahindra Scorpio,2018,12.51,16.84,36664,Petrol,Individual,Manual,0
Mahindra Bolero,2018,9.17,11.53,21814,Diesel,Dealer,Manual,0
Toyota Fortuner,2018,48.16,60.0,15551,Diesel,Individual,Manual,1
Mahindra XUV500,2018,15.69,22.71,31077,Petrol,Individual,Manual,0
Honda City,2018,9.96,13.83,31742,Diesel,Individual,Manual,0
Maruti Ciaz,2018,8.09,12.03,36554,Petrol,Individual,Manual,0
Hyundai Verna,2018,8.74,12.85,32002,CNG,Dealer,Manual,1
BMW 3 Series,2018,42.95,60.0,38644,Petrol,Individual,Manual,0
Mahindra Scorpio,2018,14.65,20.9,28075,Petrol,Dealer,Manual,0
Hyundai i10,2018,2.98,4.17,23917,Petrol,Individual,Manual,0
Toyota Innova,2018,20.18,28.85,37507,Diesel,Individual,Manual,1
Honda Jazz,2018,7.1,9.19,36396,Diesel,Dealer,Manual,0
Maruti Baleno,2018,6.1,7.73,19553,Diesel,Individual,Manual,0
Honda Jazz,2018,6.76,8.7,25733,Petrol,Individual,Manual,0
Maruti Ciaz,2018,8.99,11.9,37926,Petrol,Dealer,Manual,0
Renault Duster,2018,9.6,11.95,30556,Diesel,Dealer,Manual,0
Mercedes C-Class,2018,52.5,60.0,35792,Diesel,Dealer,Automatic,0
Mahindra Bolero,2018,5.42,9.16,35093,Diesel,Individual,Manual,0
Hyundai Venue,2018,9.59,12.85,31293,Petrol,Individual,Manual,1
Mercedes C-Class,2018,46.53,60.0,32641,Diesel,Individual,Manual,0
Renault Duster,2018,9.78,13.0,19654,Diesel,Dealer,Manual,1
Hyundai i20,2018,5.14,7.79,34006,CNG,Individual,Manual,0
Ford EcoSport,2018,7.55,10.79,28516,Petrol,Individual,Manual,0
Hyundai i20,2018,5.91,7.99,43302,Petrol,Dealer,Automatic,1
Renault Kwid,2018,2.78,3.78,34793,Diesel,Dealer,Manual,0
Audi A4,2018,38.58,60.0,27386,Petrol,Individual,Manual,0
Honda Jazz,2018,7.25,8.0,20030,Petrol,Dealer,Automatic,0
Honda Jazz,2018,6.7,9.21,19406,Petrol,Individual,Manual,0
Skoda Rapid,2018,8.72,11.12,31851,Petrol,Dealer,Manual,0
Mahindra Scorpio,2018,10.47,17.45,21226,Petrol,Individual,Manual,2
Hyundai i10,2018,3.56,5.23,21433,Petrol,Individual,Manual,0
Hyundai Verna,2018,11.26,15.24,24125,Petrol,Dealer,Manual,0
Ford Figo,2018,4.3,5.59,40887,Petrol,Dealer,Manual,0
Renault Kwid,2018,2.93,4.0,35124,Diesel,Individual,Manual,0
Hyundai Creta,2018,13.79,22.76,24010,Petrol,Individual,Manual,1
Renault Duster,2018,10.43,12.51,35254,Diesel,Individual,Manual,0
Hyundai i10,2018,3.93,5.07,18653,Diesel,Dealer,Manual,0
Hyundai Verna,2018,9.13,12.02,25109,Petrol,Dealer,Manual,0
Tata Nexon,2018,8.58,11.11,20037,Diesel,Individual,Manual,0
Mahindra XUV500,2018,16.85,23.56,36958,Diesel,Individual,Manual,0
Maruti Alto,2018,2.77,3.46,39688,Diesel,Dealer,Manual,0
Mercedes C-Class,2018,36.4,60.0,31234,Diesel,Individual,Manual,1
Toyota Innova,2018,23.37,31.34,32414,Diesel,Individual,Manual,0
Audi A4,2018,35.08,60.0,39667,Petrol,Individual,Manual,3
Volkswagen Polo,2018,6.01,7.18,16324,Petrol,Dealer,Manual,0
Hyundai Verna,2018,10.97,14.2,31275,Petrol,Dealer,Manual,1
Nissan Micra,2018,3.56,5.33,31665,Diesel,Individual,Manual,0
Hyundai Venue,2018,9.43,11.52,42149,Diesel,Dealer,Manual,0
Volkswagen Polo,2018,5.72,7.13,41726,Petrol,Individual,Automatic,1
Toyota Innova,2018,20.37,27.35,30809,Diesel,Dealer,Manual,0
Ford EcoSport,2018,8.32,10.92,26375,Petrol,Individual,Manual,0
Maruti Swift,2018,4.85,7.15,32278,CNG,Individual,Manual,0
Hyundai i10,2018,3.23,4.51,30589,Diesel,Individual,Manual,0
Tata Harrier,2018,17.77,26.95,30093,Petrol,Individual,Manual,0
Maruti Baleno,2018,6.2,8.12,22018,Petrol,Dealer,Manual,0
Mahindra Bolero,2018,6.7,10.84,38008,Diesel,Individual,Manual,0
Maruti Ciaz,2018,6.3,9.95,29435,CNG,Individual,Automatic,0
Hyundai Venue,2018,8.9,12.54,29652,Diesel,Individual,Manual,0
Hyundai Creta,2018,15.4,22.18,39676,Petrol,Dealer,Manual,1
Maruti Swift,2018,6.1,7.17,26599,Diesel,Individual,Manual,0
Tata Tiago,2018,3.3,4.21,30536,Petrol,Individual,Manual,0
Skoda Rapid,2018,8.84,10.94,26076,Petrol,Individual,Manual,0
Mahindra XUV500,2018,13.44,20.85,30625,Petrol,Individual,Manual,1
Mahindra XUV500,2018,15.77,21.81,28633,Petrol,Dealer,Manual,0
Maruti Swift,2018,4.33,6.25,41101,Petrol,Individual,Manual,0
Tata Harrier,2018,15.42,24.24,18732,Diesel,Individual,Manual,0
Maruti Ciaz,2018,7.89,9.92,21224,Petrol,Individual,Automatic,0
Mercedes C-Class,2018,45.29,60.0,21147,Diesel,Dealer,Manual,0
Mahindra XUV500,2018,15.85,23.69,24403,Petrol,Individual,Manual,0
Toyota Etios,2018,5.53,8.72,33397,Petrol,Dealer,Manual,2
Hyundai Verna,2018,9.83,13.7,31686,Petrol,Individual,Manual,0
Hyundai i20,2018,4.82,7.21,38935,Petrol,Individual,Manual,0
Nissan Micra,2018,4.54,5.21,31836,Diesel,Individual,Manual,0
Honda City,2018,10.17,13.88,38783,Diesel,Individual,Manual,0
Toyota Innova,2018,18.61,29.03,21107,Diesel,Individual,Manual,3
Ford Figo,2018,4.19,5.84,18553,Diesel,Individual,Manual,1
Hyundai Verna,2018,10.69,14.34,31940,Diesel,Dealer,Manual,0
Nissan Micra,2018,3.23,4.78,31517,CNG,Individual,Manual,1
Mahindra XUV500,2018,17.21,23.69,23037,Petrol,Dealer,Automatic,0
Hyundai i10,2018,3.2,4.24,38092,Diesel,Individual,Manual,0
Maruti Swift,2018,5.06,6.63,28271,Diesel,Individual,Automatic,0
Maruti Baleno,2018,6.77,8.76,18891,Petrol,Individual,Manual,1
Mahindra Bolero,2018,6.09,10.46,37096,Diesel,Individual,Manual,1
BMW 3 Series,2018,39.39,60.0,18336,Petrol,Individual,Manual,1
Maruti Alto,2018,2.89,4.11,25989,Petrol,Individual,Manual,1
Hyundai i10,2018,3.73,5.12,32134,Diesel,Dealer,Manual,0
Tata Nexon,2018,7.72,10.75,18184,Petrol,Individual,Manual,0
Volkswagen Vento,2018,9.0,12.95,25171,Diesel,Individual,Manual,0
Mahindra Scorpio,2018,15.18,19.85,24028,Petrol,Individual,Manual,0
Skoda Rapid,2018,8.0,10.5,43136,Diesel,Dealer,Manual,0
Maruti Swift,2018,4.44,7.2,37962,Petrol,Individual,Manual,3
Skoda Rapid,2018,5.44,10.11,35898,CNG,Individual,Manual,0
BMW 3 Series,2018,38.12,60.0,35440,Diesel,Individual,Manual,1
Honda City,2018,8.25,12.58,33069,Petrol,Individual,Manual,0
Mahindra Scorpio,2018,17.03,18.95,21625,Diesel,Dealer,Manual,0
Maruti Ciaz,2018,7.55,10.43,23555,Diesel,Individual,Manual,0
Hyundai Verna,2018,11.03,13.9,29382,Diesel,Dealer,Manual,0
Renault Kwid,2018,3.0,3.63,26001,Diesel,Individual,Manual,0
Hyundai Verna,2018,9.59,13.75,18280,Petrol,Individual,Manual,0
Volkswagen Polo,2018,5.08,7.76,41053,CNG,Individual,Manual,0
Toyota Etios,2018,4.81,6.98,26764,Diesel,Individual,Manual,0
Ford EcoSport,2018,7.08,8.96,36261,Diesel,Individual,Manual,0
Toyota Fortuner,2018,42.28,60.0,26434,Diesel,Individual,Manual,0
Honda Amaze,2018,6.28,8.44,37263,Diesel,Individual,Manual,1
Hyundai i20,2018,6.43,8.41,32071,Petrol,Individual,Manual,0
Honda City,2018,9.83,14.5,23009,Petrol,Individual,Manual,1
Skoda Rapid,2018,6.94,8.91,36327,Diesel,Individual,Manual,0
Renault Kwid,2018,2.17,3.34,34872,Petrol,Individual,Manual,0
Hyundai Creta,2018,11.82,18.01,37358,Diesel,Individual,Manual,3
Ford Figo,2018,3.33,4.85,29286,Petrol,Dealer,Manual,2
Maruti Swift,2018,4.2,6.28,26353,Petrol,Individual,Manual,1
BMW 3 Series,2018,44.79,60.0,21964,Petrol,Dealer,Manual,0
Tata Tiago,2018,3.03,5.0,36026,Petrol,Individual,Manual,1
Nissan Micra,2018,3.08,5.11,40847,Petrol,Individual,Manual,1
Honda Amaze,2018,5.7,7.52,27309,Petrol,Dealer,Manual,1
Tata Tiago,2018,3.89,5.17,27006,Petrol,Dealer,Manual,1
Volkswagen Vento,2018,7.66,10.43,26284,Petrol,Dealer,Manual,0
Nissan Micra,2018,4.52,6.11,37686,Diesel,Dealer,Manual,0
Tata Nexon,2018,8.94,12.24,35707,Diesel,Individual,Manual,0
Toyota Etios,2018,6.83,8.51,21767,Diesel,Dealer,Automatic,1
Mahindra Scorpio,2018,13.35,19.33,29899,Diesel,Individual,Manual,1
Renault Duster,2018,6.89,10.96,31443,Petrol,Individual,Manual,0
BMW 3 Series,2018,39.5,60.0,41667,Diesel,Individual,Manual,0
BMW 3 Series,2018,43.16,60.0,31456,Petrol,Dealer,Manual,0
Hyundai i10,2018,4.2,4.58,35839,Diesel,Dealer,Manual,0
Honda Amaze,2018,5.66,7.89,18542,Petrol,Individual,Manual,0
Toyota Innova,2018,23.67,30.65,26222,Petrol,Individual,Manual,0
Volkswagen Vento,2018,9.99,14.23,34090,Petrol,Individual,Manual,0
Maruti Baleno,2018,6.73,8.9,41067,Diesel,Dealer,Manual,0
Ford EcoSport,2018,6.96,8.41,23472,Petrol,Dealer,Manual,0
Volkswagen Vento,2018,9.02,13.78,27126,Diesel,Individual,Manual,0
Toyota Fortuner,2018,47.56,60.0,30013,Petrol,Dealer,Manual,0
Toyota Innova,2018,18.58,28.09,40872,Petrol,Individual,Manual,0
Skoda Rapid,2018,6.56,10.28,40226,Petrol,Individual,Manual,1
Ford Figo,2018,3.23,5.79,34349,Petrol,Individual,Manual,0
Honda Amaze,2018,5.69,7.94,34843,Diesel,Individual,Manual,0
Mahindra Scorpio,2018,13.87,18.7,37869,Petrol,Individual,Manual,0
Maruti Alto,2018,2.65,3.64,38047,Petrol,Individual,Manual,1
Hyundai Verna,2018,8.14,12.98,13292,CNG,Individual,Manual,0
Hyundai i10,2018,2.84,4.08,23627,CNG,Dealer,Manual,0
Skoda Rapid,2018,7.03,10.28,22408,Diesel,Individual,Manual,0
Hyundai i20,2018,5.74,7.76,32421,CNG,Dealer,Automatic,0
BMW 3 Series,2018,41.91,60.0,32995,Diesel,Individual,Manual,0
Maruti Baleno,2018,5.66,7.5,19614,Petrol,Individual,Manual,0
Maruti Swift,2018,5.05,6.41,21371,Petrol,Individual,Manual,0
Hyundai Venue,2018,6.83,9.4,29374,Petrol,Individual,Manual,0
Volkswagen Polo,2018,5.68,7.1,25816,Diesel,Dealer,Manual,0
Hyundai Venue,2018,6.46,9.08,25164,Petrol,Individual,Manual,0
Volkswagen Vento,2018,7.49,12.83,41498,Petrol,Individual,Manual,1
Maruti Ciaz,2018,7.45,10.03,28579,Petrol,Dealer,Manual,0
Hyundai Creta,2018,13.8,22.33,38911,Petrol,Individual,Manual,1
Toyota Etios,2018,5.66,7.87,24934,Diesel,Individual,Manual,1
Hyundai i10,2018,2.72,4.34,33281,CNG,Individual,Manual,0
Maruti Alto,2018,2.42,3.41,13238,Petrol,Individual,Manual,0
Honda Jazz,2018,5.7,8.43,18945,Diesel,Individual,Manual,0
Honda City,2018,9.37,14.56,40837,Petrol,Individual,Manual,0
Tata Harrier,2018,14.77,24.91,27990,Petrol,Individual,Manual,3
Tata Nexon,2018,6.17,10.57,14656,Petrol,Individual,Manual,3
Toyota Etios,2018,5.07,8.43,37349,Petrol,Individual,Manual,2
Maruti Swift,2018,4.46,6.41,38613,Diesel,Individual,Manual,0
Tata Nexon,2018,8.59,11.16,31257,Diesel,Dealer,Manual,0
Mahindra Scorpio,2018,12.69,17.35,19370,Petrol,Individual,Manual,0
Nissan Micra,2018,3.9,5.29,23958,Petrol,Dealer,Manual,1
Maruti Alto,2018,2.29,3.46,23008,Petrol,Individual,Manual,1
Nissan Micra,2018,3.68,5.3,36334,Petrol,Individual,Manual,0
Renault Kwid,2018,2.71,3.73,26053,Petrol,Dealer,Manual,1
Hyundai i10,2018,3.31,4.69,31840,Petrol,Individual,Manual,1
Hyundai Verna,2018,10.99,15.26,38295,Petrol,Individual,Manual,0
Hyundai Creta,2018,13.63,21.74,27918,Petrol,Individual,Manual,1
Toyota Innova,2018,17.37,27.31,24973,Diesel,Individual,Manual,3
BMW 3 Series,2018,41.38,60.0,38746,Diesel,Dealer,Manual,0
Hyundai Verna,2018,9.79,14.19,31418,Petrol,Individual,Manual,0
Hyundai Verna,2018,10.61,14.03,20199,Petrol,Dealer,Manual,1
Volkswagen Vento,2018,10.59,13.5,23255,Petrol,Dealer,Manual,0
Hyundai Creta,2018,13.32,19.34,32009,Diesel,Individual,Manual,0
Toyota Etios,2018,5.32,7.26,34259,Diesel,Dealer,Manual,2
Toyota Innova,2018,20.74,28.75,28540,Petrol,Individual,Automatic,0
Volkswagen Polo,2018,5.34,7.38,24823,Petrol,Individual,Automatic,2
Ford Figo,2018,3.6,5.37,26926,Diesel,Individual,Manual,1
Mahindra Scorpio,2018,16.39,20.66,15325,Petrol,Individual,Automatic,0
Renault Kwid,2018,2.4,3.48,36457,CNG,Individual,Manual,0
Mahindra Bolero,2018,6.87,9.94,25030,Petrol,Individual,Manual,0
Tata Nexon,2018,6.86,10.98,39092,Petrol,Individual,Manual,0
Maruti Swift,2018,4.32,5.76,32915,Petrol,Individual,Manual,0
Volkswagen Polo,2018,5.09,7.37,33921,Petrol,Individual,Manual,0
Maruti Vitara Brezza,2018,6.24,9.23,42851,Petrol,Individual,Manual,0
Maruti Swift,2018,4.5,6.86,38691,Petrol,Individual,Manual,1
Honda Amaze,2018,5.87,8.79,37091,Petrol,Dealer,Manual,1
Toyota Etios,2018,6.63,7.98,36928,Diesel,Dealer,Manual,0
Honda Amaze,2018,5.01,7.25,27747,Petrol,Individual,Manual,0
Mahindra XUV500,2018,16.36,24.91,31202,Petrol,Individual,Manual,0
BMW 3 Series,2018,41.52,60.0,35296,Diesel,Individual,Manual,0
Mahindra Scorpio,2018,17.92,22.42,24489,Diesel,Individual,Manual,0
Honda City,2018,9.77,14.16,25943,Petrol,Individual,Manual,1
BMW 3 Series,2018,39.96,60.0,39686,Petrol,Individual,Manual,0
Maruti Vitara Brezza,2018,5.99,9.46,44211,Diesel,Individual,Manual,0
Volkswagen Polo,2018,4.97,7.07,30263,Petrol,Dealer,Automatic,1
BMW 3 Series,2018,50.12,60.0,22710,Diesel,Individual,Manual,0
Tata Tiago,2018,4.42,5.54,42421,Diesel,Individual,Automatic,0
BMW 3 Series,2018,42.65,60.0,27095,Petrol,Individual,Manual,0
BMW 3 Series,2018,46.29,60.0,37244,Diesel,Dealer,Manual,0
BMW 3 Series,2018,41.38,60.0,26154,Petrol,Individual,Manual,1
Hyundai i20,2018,4.62,7.01,24557,Petrol,Individual,Manual,0
BMW 3 Series,2018,43.6,60.0,29125,Diesel,Individual,Manual,0
Maruti Wagon R,2018,3.71,5.47,21921,Petrol,Dealer,Manual,0
Honda Amaze,2018,7.38,8.22,16839,Petrol,Dealer,Manual,0
Mercedes C-Class,2018,43.24,60.0,35756,Diesel,Dealer,Manual,1
BMW 3 Series,2018,44.25,60.0,27144,Diesel,Individual,Manual,1
Honda Amaze,2018,4.4,7.35,24987,Petrol,Individual,Manual,1
Toyota Innova,2018,22.35,27.06,28735,Diesel,Individual,Manual,0
Nissan Micra,2018,2.95,4.92,29297,Petrol,Individual,Manual,1
Tata Nexon,2018,7.9,12.02,21321,Petrol,Individual,Manual,0
Volkswagen Polo,2018,5.95,7.46,31888,Petrol,Dealer,Manual,0
Renault Kwid,2018,3.07,4.14,33274,Diesel,Individual,Manual,0
Honda Jazz,2018,5.45,8.08,24728,Petrol,Individual,Manual,0
Mahindra Scorpio,2018,17.43,20.58,28467,Diesel,Dealer,Manual,0
Honda City,2018,9.6,13.91,32281,Diesel,Individual,Manual,1
Ford Figo,2018,3.54,5.05,23848,Petrol,Dealer,Manual,1
Maruti Swift,2018,5.15,6.81,28468,Diesel,Individual,Manual,0
Renault Duster,2018,8.91,11.03,29134,Petrol,Individual,Automatic,1
Honda City,2018,11.7,14.44,29171,Petrol,Dealer,Manual,0
Maruti Wagon R,2018,4.07,4.99,26391,Petrol,Dealer,Manual,0
Honda Amaze,2018,5.78,8.33,19099,Diesel,Individual,Manual,1
Audi A4,2018,48.09,60.0,32362,Diesel,Dealer,Manual,0
Volkswagen Polo,2018,5.31,8.44,37645,Petrol,Individual,Manual,0
Maruti Vitara Brezza,2018,7.69,9.85,31568,Diesel,Individual,Manual,0
Honda City,2018,10.96,15.49,23202,Petrol,Individual,Manual,0
Hyundai Venue,2018,9.17,12.48,27832,Diesel,Individual,Manual,0
Volkswagen Polo,2018,5.4,7.7,31197,Petrol,Individual,Manual,0
Toyota Etios,2018,4.63,6.27,31398,Diesel,Individual,Manual,0
Mahindra Bolero,2018,7.53,10.53,31683,Petrol,Individual,Automatic,2
Maruti Vitara Brezza,2018,7.71,9.62,36334,Petrol,Individual,Automatic,0
Ford Figo,2018,5.19,6.43,20498,Petrol,Dealer,Manual,0
Volkswagen Polo,2018,5.25,6.52,37122,Petrol,Dealer,Manual,0
Maruti Vitara Brezza,2018,6.44,9.55,24237,Diesel,Individual,Manual,0
Honda Amaze,2018,4.72,7.66,24864,Petrol,Individual,Manual,0
Honda City,2018,7.9,14.25,28637,Petrol,Individual,Manual,2
Skoda Rapid,2018,6.83,9.43,27172,Petrol,Individual,Manual,0
Skoda Rapid,2018,6.67,9.57,16798,Diesel,Individual,Manual,0
Maruti Swift,2018,4.92,6.85,31678,Petrol,Individual,Manual,0
Ford EcoSport,2018,6.43,8.52,42606,Petrol,Dealer,Manual,0
Maruti Wagon R,2018,4.19,5.65,34615,Diesel,Individual,Manual,0
Renault Kwid,2018,3.02,4.02,38715,Petrol,Individual,Automatic,0
Maruti Baleno,2018,5.22,7.81,36636,Diesel,Individual,Manual,1
Honda City,2018,9.27,13.69,38290,Diesel,Individual,Manual,0
Volkswagen Polo,2018,5.04,7.25,24138,Petrol,Dealer,Manual,1
Toyota Etios,2018,5.62,7.76,30630,Diesel,Individual,Manual,0
Hyundai i10,2018,3.07,4.7,25641,Petrol,Individual,Manual,1
BMW 3 Series,2018,50.24,60.0,26865,Petrol,Dealer,Manual,0
Audi A4,2018,41.21,60.0,30295,Petrol,Dealer,Manual,0
Hyundai Venue,2018,8.15,12.6,45571,Petrol,Individual,Manual,1
Mercedes C-Class,2018,45.33,60.0,26712,Diesel,Dealer,Manual,1
Honda City,2018,9.43,13.64,22881,Petrol,Dealer,Manual,0
Renault Kwid,2018,2.09,4.02,44104,Petrol,Individual,Manual,1
Ford EcoSport,2018,6.01,7.89,40174,Petrol,Individual,Manual,0
Tata Harrier,2018,19.8,25.33,39187,Petrol,Individual,Automatic,0
Maruti Baleno,2018,8.01,9.29,22369,Diesel,Dealer,Manual,0
Tata Tiago,2018,3.87,5.41,26153,CNG,Dealer,Manual,0
Hyundai Verna,2018,8.9,11.86,27286,Diesel,Dealer,Manual,0
Tata Tiago,2018,3.88,4.95,24052,Petrol,Dealer,Manual,0
Maruti Swift,2018,5.68,6.37,41753,Petrol,Dealer,Automatic,0
Toyota Innova,2018,24.59,31.65,20105,Petrol,Individual,Automatic,0
Honda Amaze,2018,4.83,7.55,25419,CNG,Individual,Manual,0
Mahindra XUV500,2018,17.74,22.96,32674,Diesel,Dealer,Manual,2
Volkswagen Vento,2018,8.49,13.16,35814,Petrol,Individual,Manual,0
Tata Harrier,2018,16.9,25.09,30649,Petrol,Individual,Manual,0
Mahindra Scorpio,2018,15.45,22.0,30654,Diesel,Individual,Manual,0
Maruti Swift,2018,5.64,7.32,44443,Petrol,Dealer,Manual,0
Renault Duster,2018,8.87,13.41,19646,Diesel,Individual,Manual,3
Hyundai i10,2018,3.14,4.53,36796,Petrol,Individual,Manual,1
Ford Figo,2018,3.75,5.6,22391,Petrol,Individual,Manual,1
Renault Kwid,2018,2.82,3.85,30030,Diesel,Dealer,Manual,1
Hyundai i10,2018,2.91,4.2,26750,Petrol,Dealer,Manual,1
Mahindra XUV500,2017,14.35,21.97,36236,Petrol,Individual,Manual,0
Toyota Innova,2017,22.2,31.08,35543,Petrol,Dealer,Automatic,1
Audi A4,2017,37.58,60.0,30705,Diesel,Individual,Manual,1
Volkswagen Polo,2017,4.68,7.17,35983,Petrol,Dealer,Manual,0
Mahindra Scorpio,2017,11.15,17.78,38998,Petrol,Individual,Manual,0
Honda Amaze,2017,4.74,7.7,46513,Diesel,Individual,Manual,0
Honda Jazz,2017,4.85,8.82,46835,Petrol,Individual,Manual,1
Tata Tiago,2017,4.3,5.36,52957,Petrol,Dealer,Automatic,0
Honda Jazz,2017,5.72,8.72,43794,Petrol,Dealer,Manual,0
Skoda Rapid,2017,5.82,9.99,31021,Diesel,Individual,Manual,1
Nissan Micra,2017,3.28,5.41,23294,Petrol,Individual,Manual,0
BMW 3 Series,2017,43.83,60.0,25184,Diesel,Dealer,Manual,0
Audi A4,2017,36.97,60.0,45372,Petrol,Individual,Manual,0
Honda Amaze,2017,6.52,8.45,50028,Petrol,Dealer,Automatic,0
Hyundai Venue,2017,6.96,11.66,31484,Petrol,Individual,Manual,0
Tata Harrier,2017,17.97,26.58,34466,Diesel,Dealer,Manual,0
Toyota Etios,2017,6.17,8.24,39361,Diesel,Individual,Automatic,0
Tata Tiago,2017,3.22,5.23,32093,Petrol,Individual,Manual,0
Honda Jazz,2017,5.73,8.18,34346,Petrol,Individual,Automatic,0
Ford EcoSport,2017,6.14,9.38,39448,Petrol,Individual,Manual,1
Honda Amaze,2017,5.03,7.94,34906,Petrol,Individual,Manual,0
Mahindra XUV500,2017,15.27,23.38,48050,Petrol,Individual,Manual,0
Mahindra Bolero,2017,6.12,9.32,23832,Petrol,Individual,Manual,0
Maruti Ciaz,2017,6.94,10.31,33064,Diesel,Individual,Automatic,0
Honda City,2017,7.88,11.86,39496,CNG,Dealer,Manual,0
Maruti Swift,2017,5.08,6.71,26622,Diesel,Individual,Automatic,0
Honda City,2017,9.48,13.76,28374,Petrol,Dealer,Manual,0
Volkswagen Polo,2017,3.74,7.09,51917,Petrol,Individual,Manual,0
Ford Figo,2017,3.45,5.16,44372,Petrol,Individual,Automatic,0
Mahindra Scorpio,2017,12.74,19.36,18357,Petrol,Individual,Manual,1
Honda Amaze,2017,4.49,7.55,41295,Petrol,Individual,Manual,0
Mahindra Scorpio,2017,10.99,18.96,23215,Petrol,Individual,Manual,2
Tata Nexon,2017,6.88,10.62,52950,Petrol,Dealer,Manual,0
Volkswagen Polo,2017,4.64,7.24,24381,Diesel,Individual,Manual,0
Honda Amaze,2017,4.07,7.02,38993,Petrol,Individual,Manual,1
Hyundai Creta,2017,11.67,18.89,39356,Petrol,Individual,Manual,0
Maruti Wagon R,2017,2.97,4.3,38270,Petrol,Individual,Automatic,1
Renault Duster,2017,7.19,12.07,34934,CNG,Individual,Manual,0
Nissan Micra,2017,5.07,5.52,30037,Diesel,Dealer,Manual,0
Toyota Fortuner,2017,42.19,60.0,42580,Petrol,Individual,Automatic,1
Tata Nexon,2017,9.11,11.06,37209,Diesel,Individual,Automatic,0
Mahindra Scorpio,2017,12.04,19.54,26083,Diesel,Individual,Manual,1
Hyundai i10,2017,3.53,4.89,39433,Petrol,Individual,Manual,0
Maruti Ciaz,2017,7.26,10.48,33370,Petrol,Dealer,Manual,1
Maruti Swift,2017,4.8,6.79,40730,Diesel,Individual,Manual,0
Hyundai Creta,2017,14.99,20.86,39196,Diesel,Dealer,Manual,0
Ford Figo,2017,2.81,5.36,48466,Petrol,Individual,Manual,0
Ford EcoSport,2017,5.98,9.58,44937,Petrol,Individual,Manual,1
Tata Harrier,2017,14.58,25.7,39954,Diesel,Dealer,Manual,0
Toyota Etios,2017,4.92,8.33,34589,Diesel,Individual,Manual,0
Honda Jazz,2017,7.37,9.09,26059,Petrol,Dealer,Manual,0
Maruti Ciaz,2017,6.3,10.27,27977,Petrol,Dealer,Manual,3
Maruti Swift,2017,4.47,6.67,29930,Diesel,Individual,Manual,0
Honda City,2017,7.95,13.32,49820,Petrol,Individual,Manual,1
Maruti Wagon R,2017,3.08,4.42,28878,Diesel,Dealer,Automatic,1
Maruti Vitara Brezza,2017,7.73,9.31,42122,Diesel,Dealer,Automatic,1
Honda Amaze,2017,5.23,8.05,32868,Petrol,Dealer,Manual,0
Tata Nexon,2017,5.88,9.53,38510,Petrol,Individual,Manual,1
Honda Amaze,2017,4.68,8.16,24689,Diesel,Individual,Manual,1
Renault Kwid,2017,3.1,3.92,25317,Petrol,Dealer,Manual,0
Toyota Fortuner,2017,39.08,60.0,38413,Petrol,Individual,Manual,1
Hyundai Creta,2017,12.22,18.26,31535,Diesel,Individual,Manual,0
Toyota Innova,2017,19.61,30.91,29159,Petrol,Individual,Manual,0
BMW 3 Series,2017,42.93,60.0,32206,Diesel,Individual,Manual,0
Hyundai Venue,2017,6.76,11.04,32572,Petrol,Individual,Manual,0
Hyundai Creta,2017,16.15,21.22,33499,Diesel,Individual,Automatic,0
Toyota Innova,2017,15.09,23.73,34189,Diesel,Individual,Manual,0
Mercedes C-Class,2017,33.53,60.0,38098,Petrol,Individual,Manual,1
Mahindra Bolero,2017,5.4,10.24,36814,Diesel,Individual,Manual,0
Maruti Alto,2017,2.83,3.35,44299,Diesel,Dealer,Manual,0
Mahindra Bolero,2017,6.27,9.95,41318,Diesel,Individual,Manual,0
Mahindra Scorpio,2017,10.55,18.06,33596,Petrol,Individual,Manual,1
Toyota Etios,2017,5.08,7.61,32830,Diesel,Individual,Manual,0
Audi A4,2017,35.23,60.0,30635,Petrol,Individual,Manual,0
Volkswagen Polo,2017,4.54,7.32,34662,Petrol,Individual,Manual,0
Audi A4,2017,36.46,60.0,49217,Petrol,Individual,Manual,0
Maruti Alto,2017,2.92,3.88,21566,Diesel,Individual,Manual,0
Tata Harrier,2017,18.9,24.87,38688,Petrol,Dealer,Manual,0
Tata Nexon,2017,7.97,11.62,23286,Petrol,Dealer,Automatic,0
Audi A4,2017,42.46,60.0,47508,Diesel,Dealer,Manual,0
Tata Tiago,2017,3.09,4.59,48421,Diesel,Individual,Automatic,0
Hyundai i20,2017,6.07,7.72,23413,Petrol,Dealer,Manual,0
Ford EcoSport,2017,5.95,8.87,27065,Petrol,Dealer,Manual,1
Toyota Fortuner,2017,48.92,60.0,33334,Diesel,Dealer,Manual,0
Hyundai Venue,2017,6.86,9.3,36183,Petrol,Dealer,Manual,0
Mahindra Bolero,2017,6.01,8.26,22902,Petrol,Dealer,Manual,0
Ford EcoSport,2017,6.01,8.98,46736,Petrol,Individual,Automatic,0
Maruti Baleno,2017,5.04,8.08,42765,Petrol,Dealer,Manual,0
Mahindra XUV500,2017,15.35,23.46,33139,Petrol,Individual,Manual,0
Volkswagen Vento,2017,9.44,13.58,25903,Diesel,Individual,Manual,0
Mahindra Bolero,2017,8.79,10.96,33231,Petrol,Dealer,Manual,0
Ford Figo,2017,3.02,5.22,28043,Petrol,Individual,Manual,0
Toyota Etios,2017,6.0,7.54,17539,Petrol,Dealer,Manual,0
Tata Tiago,2017,3.22,5.26,35838,Petrol,Individual,Manual,0
Tata Harrier,2017,13.59,22.9,35394,Diesel,Individual,Manual,2
Hyundai i10,2017,2.78,4.02,41287,Diesel,Dealer,Manual,0
Mercedes C-Class,2017,37.54,60.0,46007,Petrol,Dealer,Manual,1
Hyundai Venue,2017,5.76,10.29,46009,Diesel,Individual,Manual,0
Ford EcoSport,2017,5.19,9.01,42319,Petrol,Individual,Manual,0
BMW 3 Series,2017,38.94,60.0,30402,Diesel,Individual,Manual,0
Audi A4,2017,45.29,60.0,28523,Petrol,Dealer,Manual,0
Maruti Ciaz,2017,6.0,10.17,49832,Petrol,Individual,Manual,1
Honda Jazz,2017,6.49,9.1,23075,Petrol,Dealer,Manual,0
Maruti Wagon R,2017,3.51,5.09,41957,Diesel,Dealer,Manual,0
Honda City,2017,8.53,14.02,28378,Petrol,Individual,Manual,0
Mahindra XUV500,2017,12.86,21.7,50860,Diesel,Individual,Automatic,1
Maruti Swift,2017,3.69,6.05,46252,Petrol,Individual,Manual,1
Mercedes C-Class,2017,37.26,60.0,41344,Petrol,Individual,Manual,0
Maruti Swift,2017,4.67,6.54,31516,Diesel,Individual,Manual,0
Maruti Alto,2017,2.53,3.51,26770,Petrol,Individual,Automatic,0
Maruti Wagon R,2017,2.81,4.29,36232,Petrol,Individual,Manual,0
Skoda Rapid,2017,6.8,10.36,25409,Diesel,Dealer,Manual,1
Mercedes C-Class,2017,34.29,60.0,23947,CNG,Dealer,Manual,0
Toyota Etios,2017,6.2,8.3,26290,Diesel,Individual,Manual,0
Ford EcoSport,2017,5.86,9.47,37837,Petrol,Dealer,Manual,1
Mahindra XUV500,2017,12.72,22.22,37133,Petrol,Individual,Manual,0
Hyundai Verna,2017,9.91,13.64,35321,Diesel,Dealer,Manual,0
BMW 3 Series,2017,41.8,60.0,36064,Petrol,Dealer,Manual,0
Maruti Baleno,2017,4.29,7.35,42491,Petrol,Individual,Manual,0
Ford Figo,2017,3.36,5.6,28707,Petrol,Individual,Manual,0
Audi A4,2017,40.87,60.0,36197,Petrol,Individual,Automatic,0
Maruti Alto,2017,2.57,3.52,45765,Diesel,Individual,Automatic,0
Tata Tiago,2017,3.46,4.87,26576,Petrol,Dealer,Manual,1
Tata Harrier,2017,15.57,24.62,40180,Diesel,Individual,Manual,0
Maruti Alto,2017,2.0,3.32,34766,Diesel,Dealer,Manual,1
Maruti Alto,2017,2.12,3.76,28749,Diesel,Individual,Manual,1
Maruti Baleno,2017,5.03,8.51,45757,Diesel,Individual,Manual,0
Ford Figo,2017,4.39,6.36,31912,Petrol,Individual,Automatic,0
Maruti Baleno,2017,4.04,7.03,34388,Petrol,Individual,Manual,0
Ford EcoSport,2017,6.87,9.65,46044,Diesel,Individual,Manual,0
Tata Tiago,2017,3.62,5.95,35725,Petrol,Individual,Manual,0
Hyundai Venue,2017,7.96,11.19,40491,Petrol,Dealer,Manual,0
Audi A4,2017,37.57,60.0,36506,Petrol,Dealer,Manual,0
Maruti Alto,2017,2.06,3.42,38545,Petrol,Individual,Manual,0
Honda City,2017,7.16,11.21,32574,Diesel,Dealer,Automatic,3
Hyundai i20,2017,4.93,7.51,31044,Petrol,Individual,Manual,0
Renault Kwid,2017,3.27,3.91,32776,Diesel,Dealer,Manual,0
BMW 3 Series,2017,40.82,60.0,51099,Diesel,Individual,Automatic,1
Ford EcoSport,2017,6.72,9.52,43499,Diesel,Dealer,Manual,0
BMW 3 Series,2017,37.37,60.0,34029,Diesel,Individual,Manual,0
Skoda Rapid,2017,6.42,9.59,42174,Diesel,Individual,Manual,0
Mercedes C-Class,2017,37.83,60.0,26802,Petrol,Dealer,Manual,0
Maruti Wagon R,2017,2.63,4.48,51704,Petrol,Individual,Manual,0
Maruti Wagon R,2017,2.81,4.72,37106,Petrol,Individual,Manual,0
Tata Nexon,2017,6.03,10.44,51282,Petrol,Individual,Manual,0
Hyundai i20,2017,6.39,8.02,40868,Petrol,Dealer,Automatic,0
BMW 3 Series,2017,35.26,60.0,50646,CNG,Individual,Manual,0
Honda Amaze,2017,5.68,8.91,40348,Diesel,Dealer,Automatic,0
Volkswagen Vento,2017,8.79,11.88,34612,Petrol,Dealer,Manual,0
Tata Tiago,2017,4.5,5.47,37030,Petrol,Dealer,Automatic,0
Hyundai Creta,2017,15.92,21.42,37523,Diesel,Dealer,Manual,0
BMW 3 Series,2017,34.4,60.0,23153,CNG,Individual,Manual,0
Ford EcoSport,2017,7.14,10.39,33862,Petrol,Dealer,Manual,0
Mercedes C-Class,2017,36.61,60.0,40295,Petrol,Individual,Manual,0
Mahindra Bolero,2017,7.78,11.05,29635,Petrol,Dealer,Manual,0
Hyundai Verna,2017,7.9,11.71,46243,Petrol,Dealer,Manual,0
Renault Kwid,2017,2.69,3.91,49105,Diesel,Dealer,Manual,0
Maruti Swift,2017,3.86,6.99,42765,Petrol,Individual,Manual,0
Ford Figo,2017,3.19,5.08,32539,Diesel,Individual,Manual,0
Audi A4,2017,40.23,60.0,42671,Petrol,Dealer,Manual,1
Maruti Wagon R,2017,2.84,4.72,20738,CNG,Dealer,Manual,1
Mahindra Bolero,2017,7.0,11.11,45237,Petrol,Individual,Manual,0
Maruti Baleno,2017,3.99,7.23,34330,Petrol,Individual,Manual,0
Mahindra Scorpio,2017,12.34,16.8,39019,Petrol,Dealer,Manual,0
Maruti Baleno,2017,4.25,9.0,39220,Diesel,Individual,Manual,3
BMW 3 Series,2017,31.82,60.0,24564,Petrol,Individual,Manual,1
BMW 3 Series,2017,42.63,60.0,35103,Diesel,Individual,Manual,0
Tata Tiago,2017,3.06,4.68,34892,Diesel,Individual,Manual,0
Renault Duster,2017,7.26,12.24,29443,Petrol,Dealer,Manual,1
Renault Duster,2017,8.01,11.13,39215,Diesel,Dealer,Manual,0
Audi A4,2017,36.34,60.0,31151,Petrol,Dealer,Manual,2
Mahindra Scorpio,2017,12.87,19.74,27739,Petrol,Individual,Manual,0
Ford EcoSport,2017,5.9,9.08,34464,Petrol,Individual,Manual,0
Mahindra Bolero,2017,6.28,9.75,30680,Diesel,Individual,Manual,1
BMW 3 Series,2017,41.18,60.0,38091,Petrol,Dealer,Manual,0
Tata Harrier,2017,17.76,26.9,37811,Petrol,Dealer,Manual,1
Tata Harrier,2017,15.41,22.93,27882,Petrol,Individual,Automatic,0
BMW 3 Series,2017,43.33,60.0,29396,Petrol,Dealer,Manual,0
Nissan Micra,2017,2.96,5.08,35749,Petrol,Individual,Manual,1
Hyundai Venue,2017,6.95,10.25,28387,Petrol,Individual,Manual,0
Skoda Rapid,2017,7.93,11.13,37279,Petrol,Dealer,Manual,0
Maruti Wagon R,2017,3.7,5.38,38422,Diesel,Dealer,Manual,1
Tata Tiago,2017,3.67,5.86,38044,Petrol,Individual,Manual,0
Volkswagen Polo,2017,4.84,6.76,33527,Petrol,Dealer,Manual,0
Tata Nexon,2017,6.34,9.26,30575,Petrol,Dealer,Manual,0
Mahindra Scorpio,2017,11.57,19.79,49349,Petrol,Individual,Manual,1
Mahindra Scorpio,2017,15.67,20.7,22665,Diesel,Individual,Manual,0
Maruti Swift,2017,4.79,6.35,33704,Diesel,Dealer,Manual,0
Volkswagen Polo,2017,5.45,7.15,27151,Petrol,Individual,Manual,0
Maruti Ciaz,2017,7.27,11.3,36039,Petrol,Individual,Manual,0
Tata Nexon,2017,7.67,11.33,39793,Diesel,Individual,Manual,0
Toyota Innova,2017,19.38,30.16,29143,Diesel,Individual,Manual,0
Skoda Rapid,2017,7.62,11.33,29880,Diesel,Individual,Manual,0
Maruti Wagon R,2017,3.14,5.11,41908,Petrol,Individual,Manual,0
Hyundai i20,2017,3.62,6.87,49513,Petrol,Individual,Manual,0
Audi A4,2017,43.46,60.0,22613,Petrol,Dealer,Manual,0
Hyundai Creta,2017,12.05,18.99,53681,Petrol,Individual,Manual,0
Volkswagen Polo,2017,4.89,8.2,34853,Petrol,Individual,Manual,2
Maruti Baleno,2017,4.87,8.26,38116,Petrol,Individual,Manual,2
Ford EcoSport,2017,5.64,9.08,46949,Petrol,Individual,Manual,0
Mahindra XUV500,2017,13.56,20.26,33958,Diesel,Dealer,Manual,1
Honda Amaze,2017,5.16,8.2,36674,Petrol,Individual,Manual,0
Toyota Etios,2017,5.38,8.74,37321,Diesel,Individual,Manual,0
Maruti Swift,2017,4.0,6.43,26879,Petrol,Individual,Manual,0
Ford EcoSport,2017,6.76,9.24,28910,Diesel,Individual,Manual,0
Ford Figo,2017,4.18,5.79,28484,Diesel,Individual,Manual,0
Maruti Wagon R,2017,3.42,5.19,38700,Diesel,Individual,Manual,0
Volkswagen Vento,2017,8.6,11.39,44338,Diesel,Dealer,Manual,0
Tata Harrier,2017,15.53,22.46,20772,Diesel,Individual,Manual,0
Maruti Alto,2017,1.92,3.38,27121,CNG,Individual,Manual,1
Mercedes C-Class,2017,36.94,60.0,36056,Diesel,Individual,Manual,1
Tata Tiago,2017,3.39,5.71,40245,Petrol,Individual,Manual,0
Nissan Micra,2017,3.46,5.35,30195,Petrol,Individual,Manual,1
Hyundai i20,2017,4.81,7.35,26372,Petrol,Dealer,Manual,1
Mahindra Bolero,2017,6.02,10.61,33899,Petrol,Individual,Manual,3
Maruti Ciaz,2017,6.45,9.84,41431,Petrol,Individual,Manual,0
Honda City,2017,8.98,13.9,36769,Petrol,Individual,Automatic,1
Mercedes C-Class,2017,36.89,60.0,32527,Petrol,Individual,Manual,2
Tata Nexon,2017,7.54,11.25,35047,Petrol,Individual,Manual,0
Tata Harrier,2017,13.23,25.78,42592,Diesel,Individual,Manual,3
Hyundai Venue,2017,8.32,11.48,28039,Diesel,Individual,Manual,0
Mahindra XUV500,2017,17.57,21.99,23296,Diesel,Dealer,Automatic,0
Volkswagen Vento,2017,7.65,11.78,44387,Petrol,Individual,Manual,0
Maruti Ciaz,2017,7.12,9.98,24321,Petrol,Dealer,Manual,0
Hyundai Venue,2017,8.39,10.6,29079,Diesel,Dealer,Manual,0
Toyota Innova,2017,21.96,31.43,46188,Petrol,Dealer,Manual,0
Mahindra XUV500,2017,14.61,22.87,34735,Petrol,Individual,Manual,0
Mahindra Bolero,2017,5.92,9.16,22051,Petrol,Dealer,Automatic,3
Renault Duster,2017,7.46,11.22,45051,Diesel,Individual,Automatic,2
Tata Nexon,2017,7.0,9.46,32482,Petrol,Dealer,Manual,0
Renault Kwid,2017,2.24,3.66,20749,Diesel,Individual,Manual,1
Toyota Fortuner,2017,39.07,60.0,37313,Petrol,Dealer,Manual,0
Mahindra Bolero,2017,8.25,11.48,30606,Petrol,Dealer,Manual,0
Mercedes C-Class,2017,41.73,60.0,40292,Petrol,Dealer,Manual,1
Hyundai i10,2017,3.0,4.6,33284,Petrol,Individual,Manual,0
Ford EcoSport,2017,6.42,10.97,26744,Petrol,Individual,Manual,0
Tata Nexon,2017,8.33,12.39,27597,Petrol,Individual,Automatic,0
Honda Amaze,2017,4.22,7.01,28039,Petrol,Individual,Manual,0
Tata Harrier,2017,18.24,24.38,37051,Petrol,Dealer,Automatic,1
Hyundai i10,2017,3.28,4.88,31371,Petrol,Dealer,Manual,0
Volkswagen Polo,2017,5.08,7.53,31561,Diesel,Individual,Manual,1
Honda Amaze,2017,4.83,6.73,50944,Diesel,Individual,Automatic,0
Hyundai Creta,2017,17.0,22.62,33137,Diesel,Dealer,Manual,0
Volkswagen Polo,2017,4.11,7.29,19954,Petrol,Individual,Manual,2
Hyundai Venue,2017,7.23,11.46,31288,Petrol,Individual,Manual,0
Maruti Swift,2017,4.02,6.06,33402,Diesel,Dealer,Manual,0
Mercedes C-Class,2017,39.01,60.0,27269,Petrol,Individual,Manual,0
Ford Figo,2017,3.23,5.93,24229,Petrol,Individual,Manual,3
Volkswagen Polo,2017,5.37,7.09,33828,Petrol,Dealer,Manual,0
Renault Duster,2017,6.85,11.4,42367,Diesel,Individual,Manual,0
Maruti Ciaz,2017,5.79,10.99,31225,CNG,Individual,Manual,0
Mahindra Bolero,2017,5.98,11.09,52142,Diesel,Individual,Manual,0
Toyota Etios,2017,5.62,8.37,29352,Petrol,Individual,Manual,0
Audi A4,2017,39.83,60.0,40135,Diesel,Dealer,Manual,0
Renault Duster,2017,7.07,11.03,36802,Diesel,Individual,Automatic,0
Hyundai i10,2017,2.96,4.45,37992,Diesel,Individual,Manual,1
Mercedes C-Class,2017,41.67,60.0,40509,Petrol,Dealer,Manual,0
Toyota Innova,2017,17.23,24.5,23926,Petrol,Individual,Automatic,0
Toyota Etios,2017,5.0,9.04,41412,Petrol,Individual,Manual,3
Maruti Vitara Brezza,2017,6.78,9.9,30066,Petrol,Individual,Automatic,0
Tata Nexon,2017,7.08,11.11,45739,Petrol,Individual,Manual,0
Audi A4,2017,41.25,60.0,32785,CNG,Dealer,Manual,0
Toyota Fortuner,2017,43.03,60.0,22978,Petrol,Dealer,Manual,0
Tata Harrier,2017,15.18,24.63,23750,Petrol,Individual,Manual,0
Renault Duster,2017,9.57,12.02,34752,Petrol,Dealer,Automatic,0
Renault Duster,2017,7.4,10.78,25439,Diesel,Individual,Manual,0
Skoda Rapid,2017,7.44,10.3,35461,Diesel,Dealer,Manual,0
Mahindra Scorpio,2017,13.33,18.53,35661,Petrol,Dealer,Manual,0
Mahindra XUV500,2017,16.66,24.46,37582,CNG,Dealer,Manual,0
Honda City,2017,8.42,14.12,30796,CNG,Individual,Manual,0
Mahindra Bolero,2017,6.35,10.34,37415,Petrol,Dealer,Manual,0
Hyundai Verna,2017,8.09,12.69,35075,Petrol,Individual,Manual,0
Tata Harrier,2017,16.02,22.57,46153,Petrol,Dealer,Manual,0
Tata Nexon,2017,5.08,8.11,35838,Diesel,Individual,Manual,0
Hyundai i20,2017,4.61,7.21,51805,Diesel,Individual,Manual,0
Hyundai i20,2017,4.72,6.66,29042,Petrol,Dealer,Manual,0
BMW 3 Series,2017,42.06,60.0,41013,Diesel,Dealer,Manual,0
Tata Tiago,2017,3.55,5.14,35850,Diesel,Individual,Manual,0
Hyundai i20,2017,3.98,7.66,36258,Petrol,Individual,Manual,3
BMW 3 Series,2017,38.43,60.0,28330,Petrol,Individual,Manual,0
Ford Figo,2017,4.09,5.91,22030,Diesel,Individual,Manual,0
Honda Jazz,2017,4.91,9.06,40948,CNG,Dealer,Manual,0
Mercedes C-Class,2017,31.26,60.0,43292,Petrol,Dealer,Manual,3
Audi A4,2017,39.54,60.0,33598,Diesel,Individual,Manual,1
Volkswagen Vento,2017,10.35,11.88,34957,Diesel,Dealer,Automatic,0
BMW 3 Series,2017,47.06,60.0,21944,Petrol,Dealer,Manual,0
Mahindra XUV500,2017,16.52,25.55,53707,Diesel,Dealer,Manual,1
Mercedes C-Class,2017,38.34,60.0,37998,Diesel,Dealer,Manual,2
Maruti Wagon R,2017,3.79,5.46,30884,Diesel,Individual,Manual,0
Toyota Innova,2017,21.0,29.11,45483,Petrol,Individual,Manual,0
Renault Duster,2017,7.53,12.05,35721,Petrol,Individual,Manual,0
Tata Nexon,2017,5.87,10.19,44566,Petrol,Individual,Manual,1
Hyundai Creta,2017,12.03,18.64,44730,Petrol,Individual,Manual,0
Tata Tiago,2017,3.52,4.82,44254,Petrol,Individual,Automatic,0
Honda City,2017,10.74,13.63,18820,Petrol,Dealer,Manual,0
Toyota Fortuner,2017,38.29,60.0,46988,Diesel,Individual,Manual,0
Tata Nexon,2017,6.9,10.0,31473,Petrol,Individual,Manual,0
Hyundai Verna,2017,7.55,13.02,49793,CNG,Individual,Manual,0
Mahindra Bolero,2017,5.71,9.57,35744,Petrol,Individual,Manual,0
Hyundai Venue,2017,8.71,11.27,20681,Petrol,Dealer,Manual,1
Renault Kwid,2017,2.45,3.82,35216,Petrol,Individual,Manual,0
Maruti Alto,2017,1.98,3.1,40780,Petrol,Dealer,Manual,2
Hyundai Verna,2017,9.85,14.59,49256,Petrol,Dealer,Manual,0
Hyundai Venue,2017,7.89,11.88,31148,Diesel,Dealer,Manual,1
Toyota Innova,2017,17.36,30.83,24128,Petrol,Individual,Manual,1
Hyundai Creta,2017,16.87,23.01,33892,Petrol,Individual,Automatic,0
Maruti Baleno,2017,4.38,7.02,47902,Petrol,Individual,Automatic,1
Honda City,2017,8.46,13.95,39169,Petrol,Individual,Manual,2
Honda Jazz,2017,5.94,9.18,46402,Diesel,Individual,Automatic,2
Tata Tiago,2017,3.22,5.16,55105,Petrol,Dealer,Manual,0
Volkswagen Vento,2017,8.24,13.28,32731,Petrol,Individual,Manual,0
Honda City,2017,7.33,12.03,38270,Diesel,Individual,Manual,0
Maruti Alto,2017,2.34,3.54,33233,Petrol,Individual,Manual,0
Mahindra Scorpio,2017,11.37,17.52,33247,Diesel,Individual,Manual,1
Mahindra XUV500,2017,16.53,23.11,27152,Petrol,Dealer,Manual,0
Volkswagen Vento,2017,9.39,12.61,50629,Diesel,Dealer,Manual,0
Renault Kwid,2017,2.86,3.84,38972,Diesel,Individual,Manual,0
Hyundai Venue,2017,6.35,10.87,35989,Diesel,Individual,Manual,0
Hyundai i10,2017,3.01,4.4,36401,Diesel,Individual,Manual,0
Audi A4,2017,42.29,60.0,49609,Petrol,Dealer,Automatic,0
Skoda Rapid,2017,7.31,10.52,28901,Diesel,Individual,Manual,0
Tata Nexon,2017,5.85,10.53,43318,Petrol,Individual,Manual,0
Audi A4,2017,41.2,60.0,40376,Diesel,Dealer,Manual,0
BMW 3 Series,2017,40.51,60.0,35774,Petrol,Dealer,Manual,0
Tata Nexon,2017,7.49,10.23,38744,Diesel,Dealer,Manual,0
Volkswagen Polo,2017,4.35,8.25,35982,CNG,Individual,Manual,0
Renault Kwid,2017,2.53,3.59,39401,Petrol,Dealer,Manual,0
Honda City,2017,7.0,11.73,31362,Diesel,Individual,Manual,0
Hyundai Venue,2017,9.6,12.98,25342,Diesel,Dealer,Manual,0
Mercedes C-Class,2017,38.16,60.0,34141,Petrol,Individual,Manual,0
Toyota Innova,2017,19.82,29.31,50462,Petrol,Individual,Automatic,1
Mahindra XUV500,2017,12.19,20.7,35777,Petrol,Individual,Manual,0
Mahindra Bolero,2017,5.86,10.13,41541,Petrol,Individual,Manual,0
Maruti Alto,2016,1.96,3.37,42324,Diesel,Dealer,Manual,0
Maruti Wagon R,2016,3.07,5.14,50342,Petrol,Dealer,Manual,0
Hyundai Creta,2016,9.48,16.59,28995,Petrol,Individual,Manual,0
Toyota Etios,2016,4.97,8.73,45801,Petrol,Individual,Manual,0
Mahindra XUV500,2016,11.43,18.53,38820,Petrol,Individual,Automatic,1
Hyundai Creta,2016,13.87,21.03,35222,Diesel,Individual,Manual,0
Hyundai i20,2016,4.23,6.43,27177,Diesel,Individual,Manual,0
Honda Amaze,2016,5.31,7.96,29903,Diesel,Dealer,Manual,0
Hyundai Verna,2016,6.85,12.52,44518,Petrol,Individual,Manual,0
Skoda Rapid,2016,6.28,11.1,48959,Petrol,Individual,Manual,1
Maruti Baleno,2016,3.98,6.71,39821,Petrol,Dealer,Manual,0
Volkswagen Polo,2016,4.51,7.32,53057,Diesel,Individual,Manual,0
Toyota Fortuner,2016,36.57,60.0,52373,Petrol,Dealer,Manual,0
Volkswagen Vento,2016,7.66,13.34,44310,Diesel,Individual,Manual,0
Ford Figo,2016,3.36,5.09,36626,Diesel,Dealer,Manual,0
Hyundai i20,2016,4.72,7.67,61054,Diesel,Dealer,Manual,0
Honda Jazz,2016,5.63,9.68,40987,Petrol,Individual,Manual,2
Tata Tiago,2016,2.87,4.89,42123,Petrol,Individual,Manual,0
Tata Harrier,2016,13.5,21.18,41014,Diesel,Individual,Manual,0
Maruti Baleno,2016,4.71,8.15,30044,Petrol,Dealer,Manual,1
Toyota Innova,2016,17.88,29.17,35116,Diesel,Dealer,Manual,0
Volkswagen Polo,2016,3.52,7.08,47841,Petrol,Individual,Manual,1
Hyundai Creta,2016,10.83,18.37,56182,Diesel,Individual,Manual,1
Volkswagen Polo,2016,4.41,7.84,35422,Diesel,Dealer,Manual,0
Audi A4,2016,36.41,60.0,38499,Petrol,Individual,Manual,0
Maruti Vitara Brezza,2016,5.81,9.77,42169,Petrol,Individual,Manual,0
Toyota Innova,2016,16.04,30.99,51776,Petrol,Individual,Manual,0
Hyundai Venue,2016,6.61,11.13,41140,Petrol,Dealer,Manual,1
Maruti Ciaz,2016,5.03,10.53,37979,Petrol,Individual,Manual,2
Nissan Micra,2016,2.71,4.93,55463,Petrol,Individual,Manual,0
Mahindra XUV500,2016,14.27,22.98,32867,Petrol,Dealer,Manual,0
Volkswagen Polo,2016,3.74,7.11,47247,Petrol,Individual,Manual,0
Maruti Alto,2016,2.16,3.72,59456,Diesel,Individual,Manual,0
Volkswagen Polo,2016,4.12,7.11,47822,Diesel,Individual,Manual,1
Honda City,2016,7.94,13.83,50712,Petrol,Dealer,Manual,0
Mahindra XUV500,2016,13.58,23.41,42457,Petrol,Individual,Automatic,0
Hyundai i10,2016,2.96,4.87,41467,Petrol,Individual,Manual,0
Mahindra XUV500,2016,15.0,24.99,36354,Petrol,Dealer,Manual,0
Ford EcoSport,2016,4.49,8.54,61078,Petrol,Individual,Manual,0
Renault Duster,2016,7.47,11.55,33256,Petrol,Individual,Manual,0
Ford EcoSport,2016,5.82,9.3,38939,Petrol,Dealer,Manual,1
Toyota Etios,2016,4.71,7.93,25316,Diesel,Individual,Manual,0
Maruti Swift,2016,4.52,6.98,32741,Petrol,Dealer,Manual,0
Honda City,2016,7.83,12.78,40514,Petrol,Dealer,Manual,1
Maruti Ciaz,2016,5.98,10.68,40099,Petrol,Individual,Automatic,0
Honda City,2016,10.6,13.81,35937,Petrol,Dealer,Automatic,1
Mahindra Bolero,2016,6.39,11.66,46476,CNG,Dealer,Manual,0
Mahindra XUV500,2016,14.58,24.93,62580,Diesel,Dealer,Manual,0
Maruti Baleno,2016,4.08,7.67,40289,Petrol,Individual,Manual,0
Hyundai Verna,2016,10.09,14.84,45872,Petrol,Dealer,Automatic,0
Ford EcoSport,2016,4.8,7.75,46865,Diesel,Dealer,Manual,1
Ford EcoSport,2016,5.77,10.15,35756,Diesel,Individual,Manual,0
Tata Harrier,2016,14.02,22.88,49747,Diesel,Individual,Manual,0
Nissan Micra,2016,2.89,5.65,33674,Petrol,Individual,Manual,0
Toyota Innova,2016,17.5,30.19,42677,Petrol,Individual,Manual,1
Honda Jazz,2016,5.19,8.27,46379,CNG,Dealer,Automatic,0
Honda Amaze,2016,4.45,8.63,35690,Petrol,Individual,Manual,0
Tata Harrier,2016,13.86,23.16,56383,Petrol,Dealer,Manual,0
Maruti Wagon R,2016,3.56,5.61,32518,Diesel,Dealer,Manual,1
Maruti Swift,2016,4.44,6.17,50496,Petrol,Dealer,Automatic,0
Hyundai Creta,2016,13.17,20.4,48297,Petrol,Dealer,Automatic,1
Mahindra XUV500,2016,16.01,23.51,49502,Diesel,Dealer,Automatic,0
Maruti Ciaz,2016,5.03,8.84,46598,Petrol,Individual,Manual,0
Mahindra XUV500,2016,11.28,20.83,43597,Diesel,Individual,Manual,0
Ford Figo,2016,3.63,5.43,43643,Petrol,Individual,Automatic,1
Hyundai Verna,2016,7.91,12.65,50440,Diesel,Dealer,Manual,0
Audi A4,2016,36.84,60.0,37911,Diesel,Individual,Manual,0
BMW 3 Series,2016,40.86,60.0,34536,Diesel,Dealer,Manual,0
Mahindra Bolero,2016,6.24,11.33,46949,Petrol,Individual,Manual,0
Honda Amaze,2016,4.16,7.57,39012,Petrol,Individual,Manual,1
Nissan Micra,2016,3.21,5.13,48709,Petrol,Dealer,Manual,0
Renault Kwid,2016,1.75,3.57,40236,Petrol,Individual,Manual,0
Mercedes C-Class,2016,36.62,60.0,54858,Diesel,Dealer,Manual,0
Maruti Ciaz,2016,5.62,9.2,44242,Diesel,Individual,Manual,1
Tata Harrier,2016,16.91,27.61,46490,Diesel,Individual,Manual,0
Ford EcoSport,2016,5.01,9.23,33769,Petrol,Individual,Manual,2
Hyundai Creta,2016,10.06,20.96,46033,Petrol,Individual,Manual,2
Tata Tiago,2016,3.17,5.63,46810,Diesel,Dealer,Manual,3
Toyota Innova,2016,14.52,29.97,54341,Petrol,Individual,Manual,0
Mercedes C-Class,2016,37.65,60.0,54374,Petrol,Dealer,Automatic,0
Renault Duster,2016,5.69,11.71,39103,Petrol,Individual,Manual,2
Hyundai i20,2016,5.12,7.12,58023,Petrol,Dealer,Automatic,0
Hyundai i20,2016,3.75,6.93,45535,Diesel,Individual,Manual,2
Honda City,2016,9.18,13.69,44636,Petrol,Dealer,Manual,0
Mahindra Bolero,2016,5.24,10.03,36980,CNG,Dealer,Manual,3
Hyundai i10,2016,2.63,4.38,40274,Petrol,Dealer,Manual,1
Honda Amaze,2016,3.77,7.74,56723,Petrol,Individual,Manual,0
Mahindra XUV500,2016,15.2,27.42,43702,Petrol,Individual,Manual,0
Maruti Alto,2016,2.04,3.39,46795,Diesel,Dealer,Manual,0
Renault Duster,2016,7.7,12.1,49763,Petrol,Individual,Manual,0
Toyota Fortuner,2016,32.7,60.0,58406,Petrol,Individual,Manual,0
Nissan Micra,2016,3.4,5.91,42072,Diesel,Individual,Manual,0
Honda Amaze,2016,4.48,7.34,36484,Petrol,Individual,Manual,0
Mahindra Bolero,2016,4.29,10.2,43330,Petrol,Individual,Manual,3
Hyundai Verna,2016,6.99,12.31,38321,Petrol,Dealer,Manual,3
Tata Nexon,2016,6.31,10.69,51967,Petrol,Dealer,Manual,0
Nissan Micra,2016,3.06,5.25,43971,Diesel,Individual,Manual,1
Honda Amaze,2016,5.07,7.89,22566,Petrol,Dealer,Manual,0
Hyundai Verna,2016,6.19,12.52,42092,Petrol,Individual,Manual,3
Toyota Etios,2016,5.26,8.56,34744,Petrol,Dealer,Manual,0
Tata Tiago,2016,3.46,5.14,28013,Petrol,Dealer,Manual,0
Honda Amaze,2016,4.53,8.17,42761,Petrol,Individual,Manual,0
Volkswagen Vento,2016,6.47,11.18,35242,Petrol,Individual,Manual,0
Volkswagen Vento,2016,5.78,10.86,36186,Petrol,Individual,Manual,1
Maruti Alto,2016,2.26,3.61,32184,Diesel,Dealer,Manual,1
Maruti Vitara Brezza,2016,5.26,9.09,48593,Petrol,Individual,Automatic,1
Hyundai Creta,2016,12.84,21.31,32211,Petrol,Dealer,Manual,0
Hyundai Verna,2016,7.91,13.51,51423,Diesel,Individual,Manual,0
Mahindra Bolero,2016,5.14,10.09,41073,Petrol,Individual,Manual,0
Hyundai i10,2016,2.92,4.63,39252,Petrol,Individual,Manual,0
Mercedes C-Class,2016,35.66,60.0,26900,Diesel,Individual,Manual,0
Hyundai Creta,2016,13.57,23.01,32356,Petrol,Individual,Manual,1
Ford Figo,2016,3.2,4.87,30709,Petrol,Dealer,Manual,0
Toyota Etios,2016,4.17,7.9,58719,Petrol,Individual,Manual,2
Tata Nexon,2016,4.8,9.78,46151,Petrol,Individual,Manual,0
Renault Kwid,2016,2.08,3.48,44324,Petrol,Dealer,Manual,0
Toyota Fortuner,2016,42.17,60.0,59322,Diesel,Dealer,Manual,0
Hyundai i10,2016,2.15,3.81,47887,Petrol,Individual,Manual,0
Hyundai Verna,2016,7.9,13.04,44362,Diesel,Dealer,Manual,0
Ford Figo,2016,3.46,5.88,44800,Petrol,Dealer,Manual,0
Toyota Innova,2016,17.12,27.79,36721,Diesel,Dealer,Manual,0
Renault Duster,2016,6.45,11.87,26083,Petrol,Individual,Manual,1
Maruti Vitara Brezza,2016,5.14,10.04,37334,Petrol,Individual,Manual,0
Honda Jazz,2016,4.77,8.85,36665,Petrol,Individual,Manual,1
Volkswagen Polo,2016,4.46,7.9,58320,Petrol,Individual,Manual,0
Volkswagen Polo,2016,4.41,7.63,48488,Diesel,Individual,Manual,0
Tata Harrier,2016,11.29,24.14,58016,CNG,Individual,Manual,1
Toyota Etios,2016,4.14,8.07,50186,Petrol,Individual,Automatic,1
Renault Duster,2016,6.34,11.15,45532,Diesel,Individual,Manual,0
Toyota Fortuner,2016,37.46,60.0,47802,Petrol,Dealer,Automatic,0
Skoda Rapid,2016,5.24,9.78,38835,Petrol,Individual,Manual,1
Maruti Swift,2016,3.22,5.93,56775,Petrol,Individual,Manual,0
Maruti Vitara Brezza,2016,5.83,9.95,34206,Petrol,Individual,Manual,0
Toyota Etios,2016,4.83,8.21,53186,Petrol,Individual,Manual,0
Tata Tiago,2016,2.98,4.96,38311,Diesel,Individual,Manual,0
Mercedes C-Class,2016,34.99,60.0,58099,Petrol,Dealer,Manual,0
Honda Jazz,2016,6.84,9.18,24145,Petrol,Dealer,Automatic,2
Toyota Innova,2016,21.02,30.14,58167,Petrol,Dealer,Manual,0
Hyundai i20,2016,3.75,6.91,51123,Petrol,Individual,Manual,0
Toyota Innova,2016,12.79,27.47,52698,CNG,Individual,Manual,0
Mercedes C-Class,2016,35.5,60.0,50902,Petrol,Dealer,Manual,2
Ford Figo,2016,3.63,5.47,38307,Diesel,Dealer,Manual,0
Hyundai Verna,2016,6.0,11.48,54213,Diesel,Dealer,Automatic,3
Hyundai i20,2016,5.59,7.48,53851,Petrol,Dealer,Automatic,0
Volkswagen Vento,2016,7.48,12.38,39785,Petrol,Individual,Manual,1
Toyota Fortuner,2016,40.18,60.0,34546,Petrol,Dealer,Manual,0
Toyota Etios,2016,4.45,8.3,44083,Petrol,Individual,Manual,1
Mahindra XUV500,2016,12.73,23.15,38465,Petrol,Individual,Manual,1
Maruti Baleno,2016,4.5,7.6,32077,Petrol,Dealer,Manual,2
Hyundai Verna,2016,7.77,12.81,54704,Diesel,Individual,Manual,0
Ford Figo,2016,3.28,5.48,58113,Petrol,Dealer,Manual,0
Hyundai Verna,2016,6.93,11.91,33914,Petrol,Individual,Manual,0
Mahindra Bolero,2016,6.1,10.56,42608,Petrol,Dealer,Manual,0
Toyota Innova,2016,19.9,29.99,40653,Petrol,Individual,Manual,0
Toyota Fortuner,2016,44.77,60.0,43593,Diesel,Dealer,Manual,0
Volkswagen Polo,2016,4.09,6.7,41270,Petrol,Dealer,Manual,0
Hyundai Creta,2016,12.4,18.8,41807,Petrol,Dealer,Manual,0
Renault Duster,2016,6.24,12.28,31636,Petrol,Dealer,Manual,3
Hyundai Verna,2016,9.73,12.92,39935,Petrol,Dealer,Automatic,0
Maruti Baleno,2016,4.16,6.91,30487,Petrol,Dealer,Manual,2
Ford EcoSport,2016,7.02,10.63,39320,Petrol,Dealer,Manual,0
Toyota Fortuner,2016,35.63,60.0,41405,Petrol,Individual,Manual,0
Maruti Ciaz,2016,6.36,10.45,53386,Petrol,Dealer,Manual,0
Maruti Vitara Brezza,2016,6.09,9.01,43925,Petrol,Dealer,Manual,0
Hyundai Creta,2016,14.28,24.66,46517,Petrol,Individual,Manual,0
Renault Duster,2016,6.1,9.84,38672,Petrol,Dealer,Manual,0
Honda City,2016,8.3,13.6,48667,Petrol,Individual,Manual,0
Tata Harrier,2016,15.94,26.59,35080,Diesel,Individual,Manual,0
Hyundai i10,2016,2.99,4.28,31474,Diesel,Individual,Automatic,0
Volkswagen Polo,2016,4.13,7.29,48901,Petrol,Individual,Manual,1
Ford Figo,2016,3.56,4.98,43290,Petrol,Dealer,Automatic,1
Hyundai Verna,2016,7.1,11.9,37364,Petrol,Dealer,Manual,0
Ford Figo,2016,3.64,5.79,47791,Diesel,Individual,Manual,0
Mahindra Bolero,2016,7.22,11.93,43517,Diesel,Dealer,Manual,0
Tata Nexon,2016,5.16,9.09,38967,CNG,Individual,Manual,1
Maruti Ciaz,2016,5.38,9.45,33436,Petrol,Individual,Manual,0
Tata Harrier,2016,10.7,22.76,42744,Petrol,Individual,Manual,3
Renault Duster,2016,4.93,9.09,52222,Diesel,Individual,Manual,1
Toyota Etios,2016,5.8,8.86,32978,Diesel,Individual,Manual,0
Mahindra Scorpio,2016,11.01,19.56,35718,Petrol,Individual,Manual,2
Skoda Rapid,2016,6.73,11.28,55640,Petrol,Individual,Manual,0
Mercedes C-Class,2016,34.97,60.0,38766,Petrol,Individual,Manual,0
Tata Tiago,2016,3.55,5.12,46848,Diesel,Dealer,Manual,0
Ford EcoSport,2016,4.44,8.59,53627,Petrol,Individual,Manual,1
Tata Tiago,2016,2.59,4.93,54000,Diesel,Individual,Manual,0
Audi A4,2016,34.34,60.0,47383,Diesel,Individual,Automatic,0
Renault Duster,2016,6.5,10.02,44764,Petrol,Dealer,Manual,0
Renault Kwid,2016,2.04,3.57,49307,Petrol,Dealer,Manual,0
Toyota Innova,2016,15.97,29.02,46050,Petrol,Individual,Manual,0
Honda City,2016,7.85,12.75,42748,Diesel,Individual,Manual,0
Hyundai Verna,2016,8.7,13.9,37223,Petrol,Dealer,Manual,0
Mercedes C-Class,2016,33.9,60.0,40896,Petrol,Individual,Manual,1
Hyundai Venue,2016,7.46,12.15,44126,Petrol,Individual,Manual,0
Volkswagen Polo,2016,4.08,7.44,45007,Petrol,Individual,Manual,0
Honda Amaze,2016,4.62,7.7,38275,CNG,Dealer,Manual,0
Mercedes C-Class,2016,34.62,60.0,31983,Petrol,Individual,Manual,0
Mahindra XUV500,2016,14.81,22.14,48338,Diesel,Dealer,Manual,0
Volkswagen Polo,2016,4.45,8.13,33187,Petrol,Individual,Manual,0
Renault Kwid,2016,2.34,4.03,40564,Petrol,Dealer,Manual,1
Volkswagen Polo,2016,4.67,7.51,49797,Diesel,Dealer,Manual,0
Volkswagen Vento,2016,7.41,11.79,52918,Petrol,Dealer,Manual,0
Hyundai i20,2016,4.23,7.52,25082,Petrol,Individual,Manual,0
Toyota Fortuner,2016,38.67,60.0,35603,Diesel,Individual,Manual,0
Tata Harrier,2016,11.42,23.17,55802,Petrol,Individual,Manual,0
Hyundai Venue,2016,5.83,10.1,38880,Petrol,Individual,Manual,0
Ford Figo,2016,2.92,5.2,39847,Petrol,Dealer,Manual,0
Audi A4,2016,35.49,60.0,40886,Petrol,Individual,Automatic,0
Honda Amaze,2016,4.16,6.87,52188,Petrol,Dealer,Manual,0
Maruti Alto,2016,2.19,3.53,63847,Petrol,Individual,Manual,0
Ford Figo,2016,3.3,5.06,42607,CNG,Dealer,Automatic,0
Audi A4,2016,35.56,60.0,52322,Petrol,Individual,Manual,0
Maruti Alto,2016,2.15,3.37,54992,Petrol,Individual,Manual,0
Skoda Rapid,2016,5.89,10.9,43720,Petrol,Dealer,Manual,1
Maruti Baleno,2016,4.5,7.21,48037,Petrol,Individual,Manual,0
Maruti Alto,2016,1.96,3.43,53889,Diesel,Dealer,Manual,0
Nissan Micra,2016,3.23,5.24,57832,Petrol,Dealer,Manual,0
Toyota Innova,2016,18.43,30.94,38103,Petrol,Individual,Automatic,0
Maruti Ciaz,2016,6.72,10.29,24933,Diesel,Individual,Automatic,0
Nissan Micra,2016,3.03,5.03,33929,Petrol,Individual,Automatic,0
Tata Nexon,2016,8.45,11.22,28909,Petrol,Dealer,Manual,0
Ford EcoSport,2016,6.72,9.56,49922,Petrol,Dealer,Manual,0
Honda Jazz,2016,4.87,9.68,39425,Petrol,Individual,Manual,1
Ford Figo,2016,3.57,5.71,33593,Diesel,Dealer,Manual,0
Mahindra XUV500,2016,10.87,20.33,33655,Petrol,Individual,Manual,0
Honda Amaze,2016,4.25,7.36,40947,Petrol,Individual,Manual,1
Maruti Vitara Brezza,2016,6.43,9.7,47604,Diesel,Dealer,Manual,0
Maruti Ciaz,2016,5.86,9.77,33141,Petrol,Dealer,Manual,0
Hyundai i10,2016,3.13,5.32,56942,Petrol,Dealer,Manual,0
BMW 3 Series,2016,40.7,60.0,52750,Diesel,Dealer,Manual,0
Tata Nexon,2016,5.56,11.03,33332,Petrol,Individual,Manual,1
Hyundai Creta,2016,12.37,21.65,39371,Diesel,Individual,Manual,0
Mahindra Bolero,2016,5.5,9.49,33316,Petrol,Individual,Manual,1
Tata Nexon,2016,7.1,10.32,24976,Petrol,Dealer,Automatic,0
Skoda Rapid,2016,6.02,10.4,36274,Petrol,Individual,Manual,0
Tata Tiago,2016,3.42,5.4,56444,Diesel,Dealer,Manual,1
Hyundai i10,2016,2.36,4.86,35812,CNG,Individual,Manual,0
Toyota Fortuner,2016,31.1,60.0,27485,Diesel,Individual,Manual,1
Hyundai i20,2016,4.78,7.74,43139,Diesel,Dealer,Manual,0
Mercedes C-Class,2016,35.64,60.0,54873,Petrol,Individual,Manual,0
Audi A4,2016,32.44,60.0,30297,Petrol,Individual,Manual,0
Toyota Etios,2016,4.76,7.28,48091,Diesel,Individual,Automatic,2
Maruti Alto,2016,1.81,3.1,35809,Diesel,Dealer,Manual,0
Skoda Rapid,2016,6.33,10.37,37021,Petrol,Individual,Manual,0
Ford EcoSport,2016,4.89,8.69,33728,Petrol,Individual,Manual,1
Skoda Rapid,2016,6.8,10.38,22093,Diesel,Individual,Manual,0
Hyundai i10,2016,2.67,4.62,33739,Diesel,Individual,Manual,0
BMW 3 Series,2016,41.16,60.0,27396,Petrol,Dealer,Manual,0
Maruti Swift,2016,4.89,8.16,29092,Diesel,Individual,Manual,0
Honda Jazz,2016,4.84,9.43,35037,Petrol,Individual,Manual,1
Honda Jazz,2016,6.69,10.09,33633,Petrol,Individual,Manual,0
Hyundai Creta,2016,12.33,21.33,58367,Petrol,Individual,Automatic,0
Ford Figo,2016,3.49,5.09,33279,Diesel,Dealer,Manual,0
Ford Figo,2016,3.33,5.73,62162,Diesel,Individual,Manual,0
Hyundai i20,2016,5.54,8.08,28265,Petrol,Dealer,Manual,0
Ford EcoSport,2016,6.36,9.7,31165,Petrol,Individual,Manual,0
Toyota Fortuner,2016,43.29,60.0,37175,Diesel,Dealer,Automatic,0
Maruti Baleno,2016,4.4,7.65,45303,Diesel,Individual,Manual,0
Maruti Swift,2016,3.5,5.97,29511,Petrol,Individual,Manual,0
Hyundai Venue,2016,7.71,11.25,36027,Diesel,Dealer,Manual,0
Tata Nexon,2016,6.26,10.3,51234,Petrol,Dealer,Manual,0
Hyundai Venue,2016,6.82,10.88,43118,Petrol,Individual,Manual,0
Maruti Swift,2016,4.33,6.7,47418,Petrol,Dealer,Manual,0
Maruti Ciaz,2016,5.31,8.98,47550,Petrol,Dealer,Manual,0
Ford EcoSport,2016,4.21,7.7,40335,Petrol,Dealer,Manual,2
Honda Jazz,2016,6.34,9.47,34178,Diesel,Individual,Manual,0
Hyundai Creta,2016,11.57,20.58,26529,Diesel,Individual,Manual,0
Toyota Innova,2016,18.59,30.77,40258,Diesel,Individual,Manual,0
Toyota Etios,2016,4.27,7.33,35823,Petrol,Individual,Manual,0
Renault Kwid,2016,1.96,3.74,51346,Petrol,Individual,Manual,1
Skoda Rapid,2016,4.92,8.59,42043,Petrol,Individual,Manual,0
Ford EcoSport,2016,8.95,11.13,27143,Petrol,Dealer,Automatic,0
Renault Kwid,2016,1.98,3.14,29852,Diesel,Dealer,Manual,0
Maruti Baleno,2016,4.31,7.69,52247,Petrol,Dealer,Manual,1
Maruti Ciaz,2016,5.14,9.27,34275,Petrol,Individual,Manual,1
Hyundai i20,2016,4.53,8.37,54693,Petrol,Individual,Manual,1
Toyota Fortuner,2016,40.26,60.0,36590,Diesel,Dealer,Manual,0
Audi A4,2016,32.38,60.0,52302,Diesel,Individual,Manual,1
Maruti Wagon R,2016,2.95,4.88,49285,Petrol,Individual,Manual,1
Mercedes C-Class,2016,34.31,60.0,55832,Diesel,Individual,Manual,2
Ford EcoSport,2016,5.25,10.44,48934,CNG,Dealer,Manual,0
BMW 3 Series,2016,41.81,60.0,34605,Diesel,Individual,Manual,1
BMW 3 Series,2016,37.97,60.0,46327,Petrol,Individual,Automatic,0
Ford EcoSport,2016,5.84,10.02,50631,Diesel,Individual,Manual,0
Volkswagen Polo,2016,4.82,7.96,58383,Petrol,Dealer,Manual,0
Hyundai i10,2016,2.75,4.73,35746,Petrol,Individual,Manual,0
Skoda Rapid,2016,5.45,9.44,36950,Diesel,Individual,Manual,0
BMW 3 Series,2016,32.3,60.0,59226,Diesel,Individual,Manual,2
Hyundai i20,2016,3.87,7.14,41933,Diesel,Individual,Manual,0
Hyundai Verna,2016,6.35,12.77,26927,CNG,Individual,Manual,1
Maruti Vitara Brezza,2016,6.66,10.37,59623,Diesel,Dealer,Manual,0
Ford Figo,2016,3.46,5.68,46404,Diesel,Individual,Manual,0
Mahindra Bolero,2016,7.85,11.12,41144,Petrol,Individual,Automatic,0
Honda Amaze,2016,6.03,8.12,51603,Petrol,Individual,Automatic,0
Toyota Etios,2016,5.11,8.47,53997,Petrol,Individual,Manual,0
Honda Amaze,2016,5.48,8.61,34202,Petrol,Dealer,Manual,0
Volkswagen Polo,2016,3.43,6.56,50517,Diesel,Individual,Manual,3
Mahindra Scorpio,2016,13.49,20.35,38596,Diesel,Individual,Manual,0
BMW 3 Series,2016,33.97,60.0,45050,Petrol,Individual,Manual,0
Skoda Rapid,2016,5.47,10.49,42264,Petrol,Individual,Manual,0
Tata Nexon,2016,5.89,9.98,42192,Petrol,Individual,Manual,0
Mercedes C-Class,2016,41.15,60.0,42346,Diesel,Dealer,Automatic,2
Hyundai Creta,2016,11.46,19.73,35431,Petrol,Individual,Manual,1
Mahindra XUV500,2016,10.93,19.69,39466,Petrol,Individual,Manual,2
Mercedes C-Class,2016,30.99,60.0,57442,Petrol,Individual,Manual,0
Mahindra Bolero,2016,5.51,9.13,49877,Petrol,Dealer,Manual,0
Maruti Vitara Brezza,2016,5.83,9.16,57355,Diesel,Dealer,Manual,0
Ford Figo,2016,3.67,4.85,46262,Diesel,Dealer,Automatic,0
Hyundai i20,2016,4.47,8.14,33538,Petrol,Individual,Manual,1
Mahindra Scorpio,2016,10.41,18.37,41107,CNG,Individual,Manual,0
Tata Tiago,2016,3.64,5.13,43028,Petrol,Dealer,Manual,0
Honda Jazz,2016,4.99,8.57,32166,Petrol,Individual,Manual,0
Maruti Wagon R,2016,3.13,4.89,28771,Petrol,Dealer,Manual,0
Tata Tiago,2016,3.8,5.17,27143,Petrol,Individual,Automatic,0
Mercedes C-Class,2016,37.46,60.0,50509,Petrol,Dealer,Manual,1
Tata Harrier,2015,15.2,23.51,56663,Petrol,Dealer,Automatic,1
Maruti Baleno,2015,3.8,7.22,46919,Petrol,Dealer,Manual,1
Mahindra XUV500,2015,11.86,21.1,66304,Petrol,Dealer,Manual,0
Honda Jazz,2015,5.06,9.28,43083,Petrol,Dealer,Manual,2
Ford EcoSport,2015,6.57,10.28,40830,Diesel,Individual,Manual,0
Skoda Rapid,2015,5.99,11.01,46877,Diesel,Individual,Manual,0
Tata Tiago,2015,2.45,4.71,58181,Diesel,Individual,Manual,1
Audi A4,2015,31.68,60.0,43271,CNG,Dealer,Manual,2
Mahindra XUV500,2015,11.39,22.48,62947,Diesel,Individual,Manual,0
Mahindra XUV500,2015,11.11,20.38,30976,Diesel,Individual,Manual,0
Maruti Swift,2015,4.68,6.46,34984,Petrol,Dealer,Automatic,0
Mahindra XUV500,2015,13.39,24.11,52130,Diesel,Individual,Manual,0
Ford Figo,2015,2.86,5.82,68826,Petrol,Dealer,Manual,2
Ford EcoSport,2015,4.91,9.68,65315,Petrol,Dealer,Manual,0
Mercedes C-Class,2015,33.72,60.0,39567,Petrol,Dealer,Manual,0
Hyundai Venue,2015,5.12,11.3,39209,Petrol,Individual,Manual,1
Honda City,2015,6.86,14.24,47871,Diesel,Dealer,Manual,1
Hyundai Venue,2015,5.81,11.26,53817,Petrol,Individual,Manual,0
Volkswagen Vento,2015,5.68,12.01,69333,CNG,Dealer,Manual,0
Maruti Alto,2015,1.56,3.7,44352,Petrol,Individual,Manual,0
Mercedes C-Class,2015,32.24,60.0,53646,Petrol,Dealer,Manual,0
Mahindra XUV500,2015,13.79,20.96,32074,Diesel,Dealer,Automatic,0
Maruti Wagon R,2015,2.78,5.4,65668,Petrol,Individual,Manual,0
Maruti Baleno,2015,3.43,7.6,55565,Diesel,Individual,Manual,1
Maruti Alto,2015,1.56,3.55,52467,Petrol,Dealer,Manual,2
Renault Duster,2015,8.03,13.54,35715,Petrol,Dealer,Manual,0
Volkswagen Vento,2015,6.34,12.25,48011,Petrol,Individual,Manual,0
Maruti Swift,2015,3.23,6.69,35161,Petrol,Individual,Manual,0
Toyota Fortuner,2015,30.82,60.0,52082,Diesel,Individual,Manual,0
Toyota Etios,2015,4.55,7.65,37266,Petrol,Dealer,Manual,0
Mahindra Bolero,2015,4.74,9.34,48259,Petrol,Individual,Manual,1
Maruti Vitara Brezza,2015,7.07,10.91,43140,Diesel,Individual,Automatic,0
Volkswagen Vento,2015,5.64,10.49,51659,Petrol,Dealer,Manual,0
Renault Duster,2015,6.25,12.66,65816,Petrol,Dealer,Automatic,0
Mahindra Bolero,2015,5.02,9.82,30106,Diesel,Individual,Manual,0
Tata Tiago,2015,2.9,5.17,65728,Petrol,Individual,Automatic,0
Mercedes C-Class,2015,32.52,60.0,52929,Petrol,Dealer,Manual,0
Hyundai Creta,2015,11.14,22.74,35481,Petrol,Individual,Manual,0
Skoda Rapid,2015,6.33,10.33,51773,Diesel,Dealer,Manual,0
Mahindra XUV500,2015,13.67,23.42,50863,Petrol,Dealer,Manual,0
Maruti Ciaz,2015,4.16,8.74,32267,Petrol,Individual,Manual,0
Maruti Ciaz,2015,5.46,10.05,59069,Diesel,Individual,Manual,0
Renault Kwid,2015,2.28,3.88,40408,Petrol,Dealer,Automatic,0
Honda Amaze,2015,5.26,9.04,56331,Diesel,Individual,Manual,0
Mahindra XUV500,2015,10.07,20.0,40724,Petrol,Individual,Manual,1
Ford EcoSport,2015,5.36,9.09,36370,Petrol,Individual,Manual,0
Mahindra Scorpio,2015,9.45,18.46,61099,Diesel,Dealer,Manual,1
Maruti Wagon R,2015,2.68,5.19,67810,Petrol,Individual,Manual,0
Maruti Ciaz,2015,5.32,10.05,53223,Petrol,Individual,Automatic,0
BMW 3 Series,2015,29.16,60.0,46785,Petrol,Individual,Manual,0
Toyota Fortuner,2015,37.98,60.0,44738,Diesel,Dealer,Manual,0
Honda City,2015,7.37,12.23,35891,Petrol,Dealer,Manual,0
Tata Nexon,2015,5.57,11.66,61630,Petrol,Individual,Manual,1
Mahindra Bolero,2015,5.0,10.47,36004,Diesel,Individual,Manual,2
Maruti Ciaz,2015,6.41,11.47,66909,Petrol,Dealer,Manual,0
Maruti Swift,2015,2.98,6.6,61654,Petrol,Individual,Manual,1
Toyota Fortuner,2015,29.51,60.0,71120,Petrol,Individual,Manual,1
Mahindra Bolero,2015,5.0,10.35,31093,Diesel,Dealer,Manual,1
Mahindra XUV500,2015,11.79,22.06,39669,Diesel,Individual,Manual,0
Tata Nexon,2015,5.95,11.68,38197,Petrol,Individual,Automatic,2
Honda City,2015,5.27,13.49,63141,Diesel,Individual,Manual,3
Mahindra Bolero,2015,6.34,12.89,62259,Petrol,Individual,Manual,0
Mahindra Bolero,2015,5.01,9.5,40061,Petrol,Individual,Manual,1
BMW 3 Series,2015,28.83,60.0,63648,Petrol,Individual,Manual,0
Hyundai Verna,2015,7.48,13.92,61706,Petrol,Individual,Manual,0
BMW 3 Series,2015,29.74,60.0,55870,Petrol,Dealer,Manual,0
Volkswagen Polo,2015,3.79,6.91,48412,Diesel,Individual,Manual,0
Maruti Baleno,2015,3.8,8.01,35230,Petrol,Individual,Manual,1
Renault Kwid,2015,2.03,3.78,39363,Diesel,Individual,Manual,0
Hyundai i10,2015,2.54,4.42,49869,Petrol,Dealer,Manual,0
Hyundai i20,2015,4.17,7.45,44345,Petrol,Individual,Manual,0
Mahindra Scorpio,2015,11.19,18.79,48728,Petrol,Dealer,Automatic,0
Skoda Rapid,2015,4.49,9.78,37295,Diesel,Individual,Manual,1
Nissan Micra,2015,2.42,4.61,52459,Petrol,Individual,Manual,0
Maruti Swift,2015,3.86,7.63,36928,Petrol,Individual,Manual,0
Honda City,2015,6.61,12.48,43936,Petrol,Individual,Manual,0
Renault Kwid,2015,2.01,3.8,65520,Petrol,Individual,Manual,0
Toyota Etios,2015,4.76,8.2,41889,Petrol,Dealer,Manual,1
Honda Jazz,2015,4.46,9.12,44199,Petrol,Individual,Manual,1
Ford EcoSport,2015,4.78,9.72,39467,Petrol,Individual,Manual,0
Mahindra Bolero,2015,5.57,10.45,41545,Diesel,Individual,Manual,0
Maruti Vitara Brezza,2015,5.58,11.37,47801,Diesel,Individual,Manual,2
Hyundai Creta,2015,11.18,18.48,48695,Diesel,Dealer,Manual,0
Tata Tiago,2015,2.87,5.37,30328,Petrol,Individual,Manual,0
Maruti Ciaz,2015,4.75,9.39,49338,Petrol,Individual,Manual,0
Tata Nexon,2015,6.38,9.94,47885,Petrol,Dealer,Automatic,0
Skoda Rapid,2015,5.84,11.02,68726,Petrol,Dealer,Manual,0
Hyundai Venue,2015,5.39,11.15,66726,Petrol,Individual,Manual,1
Hyundai Verna,2015,6.13,12.0,62164,Diesel,Individual,Manual,0
Mercedes C-Class,2015,31.73,60.0,52181,Petrol,Dealer,Manual,0
Hyundai Verna,2015,8.54,14.25,54602,Diesel,Dealer,Manual,0
Mahindra XUV500,2015,10.68,22.68,69405,CNG,Dealer,Manual,0
Hyundai Creta,2015,10.36,21.29,47265,Petrol,Individual,Manual,0
Skoda Rapid,2015,5.06,11.27,51065,Diesel,Individual,Manual,2
Toyota Etios,2015,4.9,8.22,34815,Diesel,Dealer,Manual,0
Mahindra Scorpio,2015,9.57,21.14,59458,Petrol,Individual,Manual,0
Hyundai i20,2015,3.86,6.76,38988,Petrol,Dealer,Manual,0
Mahindra Bolero,2015,4.85,9.85,61375,Petrol,Dealer,Manual,0
Maruti Vitara Brezza,2015,4.99,9.45,45168,Petrol,Individual,Manual,0
Mahindra Bolero,2015,5.23,9.43,38036,Diesel,Individual,Manual,0
BMW 3 Series,2015,25.37,60.0,35218,Petrol,Individual,Manual,3
BMW 3 Series,2015,29.06,60.0,64548,Diesel,Individual,Manual,0
Maruti Alto,2015,1.76,3.57,58911,Diesel,Individual,Manual,0
Toyota Fortuner,2015,34.01,60.0,38870,Petrol,Dealer,Manual,0
Maruti Swift,2015,4.27,7.4,46485,Petrol,Individual,Manual,0
Renault Kwid,2015,1.98,3.5,52501,Diesel,Dealer,Manual,0
Maruti Swift,2015,3.41,6.91,40808,CNG,Dealer,Manual,0
Honda City,2015,8.64,13.86,44800,Petrol,Dealer,Manual,0
Toyota Fortuner,2015,33.41,60.0,55348,Diesel,Individual,Manual,0
Skoda Rapid,2015,4.99,10.08,62883,Petrol,Individual,Manual,2
Toyota Etios,2015,4.18,8.27,49015,Diesel,Dealer,Manual,2
Renault Kwid,2015,2.08,4.11,51717,Diesel,Individual,Manual,0
Nissan Micra,2015,2.95,5.56,55762,Diesel,Dealer,Manual,1
Maruti Baleno,2015,4.74,8.27,42980,Petrol,Individual,Automatic,0
Audi A4,2015,31.84,60.0,54262,Diesel,Dealer,Manual,0
Honda City,2015,8.2,14.19,48675,Diesel,Individual,Automatic,0
Maruti Baleno,2015,3.64,7.23,57814,Petrol,Individual,Manual,0
Maruti Swift,2015,3.42,6.64,44100,Diesel,Individual,Manual,1
Renault Kwid,2015,1.91,3.64,43297,Petrol,Individual,Manual,0
Maruti Ciaz,2015,6.7,10.28,50417,Petrol,Dealer,Automatic,0
Renault Kwid,2015,1.99,3.97,57150,Petrol,Individual,Manual,0
Honda Jazz,2015,5.26,9.28,66824,Diesel,Dealer,Manual,0
Mercedes C-Class,2015,35.75,60.0,28761,Petrol,Dealer,Manual,0
Maruti Swift,2015,3.05,5.95,67046,Petrol,Individual,Manual,1
Toyota Fortuner,2015,33.99,60.0,50315,Petrol,Individual,Manual,0
Nissan Micra,2015,2.58,5.39,61030,Diesel,Individual,Manual,1
Honda City,2015,7.68,13.76,25708,Petrol,Individual,Manual,0
Renault Kwid,2015,2.34,3.96,62194,Diesel,Individual,Manual,0
Maruti Wagon R,2015,2.51,4.51,56684,Diesel,Dealer,Manual,0
Honda Amaze,2015,4.63,8.81,43966,Diesel,Dealer,Manual,1
Toyota Innova,2015,17.01,30.14,60044,Diesel,Dealer,Manual,1
Hyundai i10,2015,2.5,4.34,44800,Petrol,Individual,Automatic,0
Hyundai Verna,2015,7.31,13.81,51767,Petrol,Individual,Manual,1
Mahindra XUV500,2015,11.13,23.64,71866,Petrol,Individual,Manual,0
Renault Kwid,2015,2.2,3.75,44350,Diesel,Individual,Manual,0
Toyota Etios,2015,3.8,7.26,53345,Petrol,Individual,Manual,0
Toyota Innova,2015,19.18,34.99,40679,Petrol,Dealer,Manual,2
Tata Tiago,2015,2.53,5.3,61262,Petrol,Individual,Manual,0
Toyota Fortuner,2015,34.45,60.0,32379,Diesel,Individual,Manual,0
Honda Jazz,2015,3.9,8.85,56751,Petrol,Individual,Manual,1
Toyota Etios,2015,4.11,7.35,46755,Diesel,Individual,Manual,0
Mahindra XUV500,2015,12.0,25.1,43725,Petrol,Individual,Manual,0
Mahindra XUV500,2015,14.11,25.85,56626,Petrol,Individual,Automatic,0
Toyota Innova,2015,15.33,31.14,65712,Petrol,Dealer,Manual,1
BMW 3 Series,2015,25.65,60.0,65514,Petrol,Individual,Manual,1
Nissan Micra,2015,2.8,4.97,52714,Petrol,Dealer,Automatic,1
Renault Duster,2015,5.36,11.11,52162,Petrol,Individual,Manual,0
Volkswagen Vento,2015,6.41,11.66,41572,Petrol,Dealer,Manual,2
BMW 3 Series,2015,33.29,60.0,46696,Petrol,Dealer,Manual,0
Hyundai i10,2015,2.3,4.74,60977,Petrol,Dealer,Manual,1
Honda Jazz,2015,4.41,8.9,43984,CNG,Individual,Manual,1
Mercedes C-Class,2015,31.09,60.0,55342,Petrol,Individual,Automatic,0
Mahindra Scorpio,2015,13.04,22.61,53536,Petrol,Dealer,Manual,0
Mahindra XUV500,2015,11.83,21.55,57268,Diesel,Individual,Manual,0
Hyundai Venue,2015,5.78,10.56,49805,Diesel,Dealer,Manual,0
Hyundai Verna,2015,5.34,12.16,51397,Petrol,Dealer,Manual,3
Honda Jazz,2015,4.8,9.89,37344,Petrol,Individual,Manual,1
Maruti Alto,2015,1.61,3.07,62700,CNG,Dealer,Manual,0
BMW 3 Series,2015,29.89,60.0,63148,Petrol,Individual,Manual,0
Maruti Baleno,2015,3.54,7.47,63729,Diesel,Individual,Manual,2
Honda City,2015,7.91,14.41,55214,Diesel,Dealer,Manual,0
Honda Jazz,2015,5.4,9.46,62734,Petrol,Individual,Manual,0
Mercedes C-Class,2015,27.42,60.0,60137,Petrol,Individual,Manual,1
Mahindra Bolero,2015,5.6,10.15,52774,Diesel,Individual,Manual,0
Honda Jazz,2015,5.12,9.35,47366,Petrol,Dealer,Manual,0
Hyundai Venue,2015,5.28,10.29,51426,Petrol,Individual,Manual,0
Tata Tiago,2015,3.19,5.17,37853,Petrol,Individual,Automatic,0
Tata Nexon,2015,6.32,11.3,56744,Petrol,Individual,Automatic,0
Maruti Wagon R,2015,2.64,4.81,53496,Diesel,Dealer,Manual,1
Maruti Vitara Brezza,2015,5.09,10.27,40372,Petrol,Dealer,Manual,2
Maruti Ciaz,2015,4.79,10.14,55364,Diesel,Individual,Automatic,1
Hyundai i10,2015,2.34,4.66,38161,Petrol,Dealer,Manual,2
Maruti Ciaz,2015,6.46,9.85,40706,Petrol,Individual,Automatic,0
Hyundai Creta,2015,10.8,20.96,54709,Diesel,Dealer,Manual,0
Hyundai i20,2015,4.32,7.56,51034,Petrol,Dealer,Manual,0
Hyundai Creta,2015,9.64,21.59,47705,Diesel,Individual,Manual,0
Toyota Innova,2015,17.18,30.83,54893,Diesel,Dealer,Manual,0
Honda Jazz,2015,3.99,7.28,43088,Petrol,Dealer,Manual,0
Tata Harrier,2015,13.28,31.27,40980,Petrol,Individual,Manual,1
Audi A4,2015,32.91,60.0,39414,Petrol,Individual,Manual,0
Tata Nexon,2015,5.21,10.62,48365,Petrol,Individual,Manual,1
Mahindra Scorpio,2015,9.15,18.76,44851,Petrol,Individual,Manual,0
Toyota Etios,2015,3.82,8.09,71095,Petrol,Individual,Manual,0
BMW 3 Series,2015,34.4,60.0,58515,Diesel,Dealer,Manual,0
Hyundai Creta,2015,10.93,21.43,35229,Petrol,Individual,Manual,0
Mahindra Scorpio,2015,12.09,20.38,52799,Petrol,Individual,Automatic,0
Maruti Vitara Brezza,2015,4.96,11.12,58866,Petrol,Individual,Manual,2
Honda City,2015,5.81,13.12,68573,Petrol,Individual,Manual,0
Audi A4,2015,36.88,60.0,44474,Petrol,Dealer,Manual,0
Mahindra Bolero,2015,5.49,9.63,39309,Diesel,Individual,Manual,0
Nissan Micra,2015,2.38,5.49,29077,CNG,Individual,Manual,2
Skoda Rapid,2015,5.87,10.19,69878,Petrol,Dealer,Automatic,0
Renault Kwid,2015,2.03,3.38,48660,Petrol,Dealer,Manual,0
Honda City,2015,5.99,12.02,70751,Petrol,Individual,Manual,0
Honda City,2015,7.09,14.89,56280,CNG,Individual,Manual,0
Tata Harrier,2015,14.51,24.6,50532,Diesel,Dealer,Manual,0
Mahindra Scorpio,2015,10.15,19.39,56289,Petrol,Individual,Manual,1
Toyota Innova,2015,13.21,25.11,40769,Petrol,Dealer,Automatic,3
Renault Duster,2015,7.23,11.71,29854,Diesel,Individual,Manual,0
Audi A4,2015,35.16,60.0,50556,Petrol,Dealer,Manual,0
Audi A4,2015,31.9,60.0,69360,Petrol,Individual,Automatic,1
Toyota Etios,2015,3.33,6.81,61389,Petrol,Dealer,Manual,2
Hyundai Venue,2015,4.54,9.18,36259,Diesel,Individual,Manual,0
Toyota Etios,2015,4.29,9.0,57060,Diesel,Individual,Manual,0
Renault Duster,2015,5.56,10.13,47981,Petrol,Individual,Automatic,0
Audi A4,2015,32.82,60.0,56252,Petrol,Dealer,Manual,0
Hyundai Creta,2015,12.52,21.8,54712,Petrol,Individual,Automatic,0
Maruti Baleno,2015,4.96,8.6,33336,CNG,Dealer,Automatic,2
Renault Duster,2015,6.46,11.99,55662,Petrol,Individual,Automatic,1
Toyota Etios,2015,3.85,7.28,51195,Petrol,Individual,Automatic,1
Maruti Ciaz,2015,4.24,9.15,55991,CNG,Individual,Manual,0
Mahindra Scorpio,2015,11.89,19.87,45322,Petrol,Dealer,Manual,0
Tata Tiago,2015,2.45,4.98,47263,Petrol,Dealer,Manual,0
Honda Jazz,2015,5.27,8.17,45853,Diesel,Dealer,Manual,0
Maruti Alto,2015,1.89,3.62,65038,Diesel,Dealer,Manual,2
Mahindra Scorpio,2015,12.88,24.03,62809,Diesel,Individual,Manual,0
Maruti Ciaz,2015,6.09,10.93,42751,Petrol,Dealer,Manual,0
Renault Kwid,2015,2.12,4.24,53112,Petrol,Individual,Manual,2
Nissan Micra,2015,3.35,5.65,35751,Petrol,Dealer,Manual,0
Mercedes C-Class,2015,33.28,60.0,36587,Petrol,Dealer,Manual,0
Honda Jazz,2015,3.58,7.51,48054,Diesel,Individual,Manual,2
Maruti Ciaz,2015,5.32,8.98,51639,CNG,Dealer,Automatic,0
Toyota Innova,2015,15.72,30.38,49535,Diesel,Dealer,Manual,2
Volkswagen Vento,2015,5.76,12.91,64818,Petrol,Individual,Manual,0
Maruti Ciaz,2015,5.98,11.53,44428,Diesel,Individual,Manual,0
Maruti Alto,2015,1.85,3.71,47865,Diesel,Individual,Manual,0
Ford EcoSport,2015,4.39,9.56,34488,Petrol,Individual,Manual,3
Hyundai Creta,2015,8.54,18.46,64718,Diesel,Individual,Automatic,2
Skoda Rapid,2015,5.77,11.2,36476,Diesel,Individual,Manual,0
Maruti Baleno,2015,4.49,8.9,49148,Diesel,Individual,Manual,1
Volkswagen Polo,2015,3.35,6.59,61592,Petrol,Individual,Manual,0
BMW 3 Series,2015,31.21,60.0,52960,Petrol,Individual,Manual,0
Hyundai i20,2015,2.78,6.64,54718,Petrol,Dealer,Manual,2
Toyota Etios,2015,3.66,7.15,34368,Petrol,Individual,Manual,0
Nissan Micra,2015,3.12,5.18,48540,Petrol,Dealer,Automatic,2
Toyota Innova,2015,16.52,25.8,33198,Petrol,Individual,Automatic,0
Honda City,2015,7.02,14.29,56251,Diesel,Individual,Manual,1
Tata Harrier,2015,10.09,18.85,60491,Diesel,Dealer,Manual,0
Renault Kwid,2015,1.94,3.62,32846,Petrol,Individual,Manual,0
Hyundai i10,2015,2.29,4.93,42121,Petrol,Individual,Manual,0
Maruti Ciaz,2015,5.92,10.63,40627,Petrol,Dealer,Manual,0
Tata Tiago,2015,2.65,5.22,48870,Petrol,Individual,Manual,0
Hyundai i10,2015,2.09,4.42,63206,Diesel,Individual,Manual,0
BMW 3 Series,2015,30.75,60.0,42864,Petrol,Individual,Manual,0
Maruti Wagon R,2015,2.38,4.85,34269,Petrol,Individual,Manual,0
Maruti Ciaz,2015,6.04,10.64,41505,Petrol,Dealer,Manual,0
Mahindra XUV500,2015,12.08,25.51,52187,Diesel,Individual,Manual,3
Hyundai i20,2015,5.42,8.66,39456,Petrol,Dealer,Manual,0
Volkswagen Vento,2015,6.48,12.39,50290,Diesel,Individual,Manual,0
Audi A4,2015,26.91,60.0,67973,Petrol,Individual,Manual,0
Tata Nexon,2015,4.69,9.83,43602,Diesel,Individual,Manual,0
Volkswagen Vento,2015,5.3,11.39,42985,Petrol,Individual,Manual,1
Mahindra XUV500,2015,11.45,22.07,44041,Diesel,Individual,Manual,0
Toyota Fortuner,2015,34.38,60.0,51194,Petrol,Individual,Manual,0
Tata Nexon,2015,6.23,11.01,53788,Diesel,Dealer,Manual,0
Volkswagen Polo,2015,4.78,7.79,55421,Diesel,Dealer,Manual,0
Maruti Baleno,2015,4.0,8.64,51260,Petrol,Individual,Manual,0
Maruti Wagon R,2015,2.57,4.92,65216,Petrol,Dealer,Manual,1
Toyota Innova,2015,19.18,30.74,68134,Diesel,Dealer,Manual,0
Volkswagen Vento,2015,5.22,10.41,62750,Diesel,Dealer,Manual,0
Hyundai Verna,2015,8.78,14.37,49600,Petrol,Dealer,Automatic,0
Honda City,2015,7.84,12.84,47224,Diesel,Dealer,Manual,0
Ford EcoSport,2015,4.26,9.41,45810,Petrol,Individual,Manual,1
Maruti Swift,2015,3.12,6.04,32815,Petrol,Individual,Manual,0
Mahindra Bolero,2015,4.8,10.91,48311,Petrol,Individual,Manual,2
Tata Nexon,2015,5.27,9.97,46883,Petrol,Dealer,Manual,0
Toyota Innova,2015,16.24,30.87,27581,Petrol,Individual,Manual,0
Maruti Vitara Brezza,2015,5.06,8.83,65843,Petrol,Dealer,Manual,0
Volkswagen Vento,2015,5.71,11.25,43267,Petrol,Individual,Manual,1
Maruti Swift,2015,3.15,6.05,54898,Diesel,Individual,Manual,0
Nissan Micra,2015,2.92,5.21,42097,Diesel,Individual,Manual,0
Honda Amaze,2015,3.91,7.69,69963,Petrol,Individual,Automatic,1
Toyota Innova,2015,14.18,28.43,55653,Diesel,Individual,Manual,0
Tata Harrier,2015,13.05,25.4,50802,Petrol,Individual,Manual,0
Maruti Vitara Brezza,2015,5.65,9.98,44803,Petrol,Dealer,Manual,0
Hyundai Creta,2015,9.27,17.3,51936,Petrol,Individual,Manual,0
Maruti Vitara Brezza,2015,4.84,9.37,58708,Petrol,Individual,Manual,0
Tata Tiago,2015,3.08,5.18,48687,Diesel,Individual,Automatic,0
Mercedes C-Class,2015,40.31,60.0,47217,Diesel,Individual,Automatic,0
Tata Nexon,2015,5.67,11.19,44517,Diesel,Individual,Manual,1
Volkswagen Polo,2014,3.34,7.15,44757,Diesel,Individual,Manual,1
Hyundai Venue,2014,5.01,11.34,71862,Petrol,Individual,Automatic,0
Maruti Wagon R,2014,2.13,4.57,73441,Petrol,Dealer,Automatic,1
Mahindra Scorpio,2014,10.29,21.36,55806,Petrol,Dealer,Automatic,1
Volkswagen Polo,2014,2.93,6.81,62324,Petrol,Individual,Manual,0
Maruti Ciaz,2014,4.43,10.06,62079,Petrol,Individual,Manual,0
Mahindra Bolero,2014,4.37,11.49,64099,Diesel,Individual,Manual,1
Maruti Ciaz,2014,7.31,12.41,54147,Petrol,Dealer,Manual,0
Tata Nexon,2014,5.59,10.89,55811,Diesel,Individual,Automatic,0
Mercedes C-Class,2014,32.79,60.0,57477,Diesel,Dealer,Manual,0
Maruti Wagon R,2014,2.49,5.27,56298,Petrol,Dealer,Manual,1
Nissan Micra,2014,2.64,5.45,56290,Petrol,Individual,Automatic,0
Ford EcoSport,2014,4.53,9.61,46140,Petrol,Individual,Automatic,2
Maruti Swift,2014,3.4,6.7,30106,Petrol,Individual,Automatic,1
Hyundai i20,2014,3.09,6.46,35815,Diesel,Individual,Manual,0
Hyundai Verna,2014,7.73,14.89,67171,Diesel,Dealer,Manual,1
Mahindra Scorpio,2014,8.28,17.52,63139,Diesel,Individual,Manual,0
Maruti Wagon R,2014,2.15,5.39,70410,Petrol,Individual,Manual,1
Toyota Fortuner,2014,27.34,60.0,72981,Diesel,Individual,Manual,0
Maruti Vitara Brezza,2014,4.01,8.82,77551,Petrol,Individual,Manual,0
Mahindra Bolero,2014,5.84,11.69,46037,Petrol,Individual,Manual,0
Tata Harrier,2014,12.44,26.45,52469,Diesel,Dealer,Manual,0
BMW 3 Series,2014,26.9,60.0,35053,Petrol,Individual,Manual,2
Hyundai i20,2014,3.86,7.83,55160,Diesel,Dealer,Manual,1
Renault Kwid,2014,1.87,3.61,50266,Petrol,Individual,Manual,0
Audi A4,2014,27.33,60.0,59314,Petrol,Individual,Manual,1
Mahindra XUV500,2014,14.02,24.03,54458,Diesel,Individual,Manual,0
Tata Nexon,2014,4.5,11.0,70530,Petrol,Individual,Manual,0
Toyota Fortuner,2014,25.72,60.0,52106,Petrol,Individual,Manual,1
Toyota Fortuner,2014,28.64,60.0,51386,Petrol,Individual,Manual,0
BMW 3 Series,2014,28.61,60.0,49419,Petrol,Individual,Automatic,1
Hyundai i10,2014,2.23,4.41,66108,Diesel,Dealer,Manual,0
Tata Nexon,2014,5.14,10.3,54074,Diesel,Individual,Automatic,1
Toyota Innova,2014,14.95,29.52,54611,Petrol,Individual,Manual,0
Hyundai i20,2014,2.87,6.9,67192,Petrol,Individual,Manual,1
Renault Duster,2014,7.16,11.59,57597,Diesel,Dealer,Manual,0
Maruti Ciaz,2014,6.39,11.64,68632,Diesel,Dealer,Manual,0
Ford Figo,2014,2.43,4.82,45731,Petrol,Dealer,Manual,0
Hyundai i10,2014,1.82,4.28,72334,Petrol,Individual,Manual,0
Skoda Rapid,2014,5.71,11.54,34280,CNG,Dealer,Manual,0
Mahindra XUV500,2014,10.78,24.88,56444,Petrol,Individual,Manual,0
Honda Jazz,2014,3.86,7.71,54615,Petrol,Individual,Manual,0
Tata Tiago,2014,2.84,5.11,55182,Diesel,Dealer,Manual,0
Hyundai Verna,2014,6.28,13.37,50508,Diesel,Dealer,Manual,1
Mahindra XUV500,2014,9.93,23.0,50352,Petrol,Individual,Automatic,0
Mercedes C-Class,2014,29.41,60.0,54475,Diesel,Individual,Manual,0
Hyundai Verna,2014,6.37,14.7,63697,Petrol,Individual,Automatic,1
Nissan Micra,2014,2.34,5.43,50144,Petrol,Individual,Manual,0
Mahindra Bolero,2014,5.11,9.67,45336,Diesel,Dealer,Manual,0
Tata Harrier,2014,11.09,24.4,61639,Diesel,Individual,Manual,1
Nissan Micra,2014,2.13,5.47,49863,Petrol,Individual,Manual,2
Hyundai i20,2014,3.16,7.23,55615,Diesel,Individual,Manual,0
Renault Kwid,2014,1.67,3.41,72331,Petrol,Individual,Manual,0
Mahindra XUV500,2014,12.65,23.39,48201,Diesel,Individual,Manual,0
Maruti Alto,2014,1.27,2.99,39853,Petrol,Individual,Manual,0
Tata Harrier,2014,11.11,24.33,79827,Diesel,Individual,Manual,0
Renault Kwid,2014,1.48,3.74,59024,Petrol,Dealer,Manual,3
Maruti Ciaz,2014,5.39,10.51,63815,Diesel,Dealer,Manual,0
Mahindra Bolero,2014,4.57,8.88,50094,Petrol,Individual,Automatic,0
Hyundai i20,2014,3.82,8.37,66725,Petrol,Individual,Manual,0
Hyundai i10,2014,2.3,4.8,44871,Petrol,Dealer,Manual,0
Honda Jazz,2014,4.24,8.77,52816,Diesel,Individual,Manual,1
Maruti Alto,2014,1.43,3.05,44931,Petrol,Individual,Manual,0
Skoda Rapid,2014,5.09,10.08,42850,Diesel,Individual,Manual,0
Toyota Etios,2014,3.62,7.46,65460,Petrol,Dealer,Manual,0
Hyundai i10,2014,1.99,4.64,70745,Petrol,Individual,Manual,0
Toyota Fortuner,2014,24.03,60.0,64069,Diesel,Individual,Manual,1
Toyota Etios,2014,4.06,8.36,75238,Diesel,Individual,Automatic,1
Audi A4,2014,29.28,60.0,55904,Petrol,Individual,Manual,0
Mahindra Scorpio,2014,9.02,19.89,66440,Diesel,Individual,Manual,0
Honda Jazz,2014,3.46,8.55,44883,Petrol,Individual,Manual,2
Tata Tiago,2014,2.18,4.78,72990,Petrol,Dealer,Manual,0
Renault Kwid,2014,1.79,3.37,52368,Diesel,Dealer,Manual,0
Skoda Rapid,2014,4.12,10.72,62990,Petrol,Individual,Manual,1
Toyota Innova,2014,14.92,28.48,61068,Petrol,Dealer,Manual,0
Mahindra Bolero,2014,5.86,10.85,60158,Petrol,Dealer,Manual,0
Volkswagen Vento,2014,6.95,12.96,46901,Diesel,Dealer,Manual,0
Toyota Etios,2014,4.35,8.41,74188,Petrol,Dealer,Manual,0
Hyundai Venue,2014,5.11,11.48,49719,Petrol,Individual,Manual,1
Nissan Micra,2014,2.43,5.52,48396,Petrol,Individual,Manual,2
Tata Tiago,2014,2.13,5.23,61311,Petrol,Individual,Manual,1
Honda Jazz,2014,4.2,7.89,37012,Diesel,Individual,Manual,0
Maruti Vitara Brezza,2014,4.98,10.42,40926,Petrol,Dealer,Manual,1
Hyundai i20,2014,3.42,7.34,46254,Petrol,Individual,Manual,0
Hyundai Verna,2014,6.66,14.1,54163,Petrol,Individual,Manual,1
Renault Duster,2014,4.1,11.85,75352,Petrol,Individual,Manual,2
Maruti Vitara Brezza,2014,4.6,10.4,46247,Petrol,Individual,Manual,1
Mahindra Scorpio,2014,9.13,19.54,69643,Petrol,Dealer,Manual,0
Hyundai Venue,2014,5.88,12.02,47299,Petrol,Individual,Manual,0
Maruti Alto,2014,1.75,3.12,44957,Petrol,Individual,Automatic,0
Renault Duster,2014,6.11,12.65,67699,Diesel,Individual,Automatic,0
Maruti Wagon R,2014,2.5,5.58,55126,Petrol,Individual,Automatic,2
Maruti Wagon R,2014,2.88,5.44,57222,Diesel,Dealer,Manual,0
Tata Nexon,2014,5.91,11.04,44025,CNG,Dealer,Manual,0
BMW 3 Series,2014,26.36,60.0,60636,Petrol,Individual,Manual,0
Toyota Etios,2014,4.08,6.43,64710,Diesel,Dealer,Automatic,0
Volkswagen Polo,2014,3.18,7.39,68960,CNG,Individual,Manual,0
Toyota Etios,2014,3.94,8.09,62689,Diesel,Individual,Manual,0
Maruti Swift,2014,2.65,6.09,39704,Diesel,Individual,Manual,0
Mahindra Scorpio,2014,8.81,19.07,73997,Diesel,Individual,Automatic,0
Mahindra Scorpio,2014,9.41,18.14,33000,Petrol,Dealer,Manual,0
Audi A4,2014,28.72,60.0,62907,Diesel,Individual,Manual,0
Toyota Etios,2014,3.81,7.61,50326,Petrol,Individual,Manual,0
Honda Amaze,2014,4.05,7.8,55482,Petrol,Individual,Manual,0
Toyota Innova,2014,13.25,29.81,69065,Diesel,Individual,Manual,0
Volkswagen Polo,2014,3.86,8.03,45710,Petrol,Individual,Manual,1
Tata Tiago,2014,2.75,5.73,60931,Petrol,Dealer,Automatic,0
Mahindra XUV500,2014,9.61,22.42,60893,Petrol,Individual,Manual,0
BMW 3 Series,2014,26.86,60.0,60930,Petrol,Individual,Manual,0
Honda Amaze,2014,4.53,8.14,58987,Petrol,Individual,Automatic,0
Mahindra XUV500,2014,12.07,23.1,46961,Petrol,Dealer,Manual,0
Maruti Ciaz,2014,3.72,10.02,56968,Petrol,Individual,Manual,3
Honda City,2014,6.11,12.74,58884,Diesel,Dealer,Manual,0
Volkswagen Vento,2014,6.37,12.42,58573,Petrol,Individual,Manual,0
Hyundai Verna,2014,6.26,14.16,53041,Petrol,Dealer,Manual,0
Toyota Etios,2014,4.66,8.57,56028,Petrol,Dealer,Manual,0
Hyundai Creta,2014,9.45,20.71,49051,Petrol,Individual,Manual,0
Hyundai Creta,2014,9.15,19.26,52072,Petrol,Individual,Manual,0
Tata Harrier,2014,12.46,25.15,40983,CNG,Individual,Automatic,0
Tata Nexon,2014,5.64,10.44,39436,Petrol,Dealer,Manual,0
Nissan Micra,2014,2.78,5.5,50960,Petrol,Individual,Manual,1
Skoda Rapid,2014,3.9,9.65,60187,Petrol,Dealer,Manual,2
Maruti Wagon R,2014,2.38,4.51,45482,Petrol,Dealer,Automatic,0
Maruti Baleno,2014,2.89,6.78,69499,Petrol,Individual,Manual,0
Honda Amaze,2014,3.87,7.84,45461,Petrol,Individual,Manual,0
Renault Duster,2014,6.58,10.72,42223,Diesel,Individual,Automatic,0
Hyundai i20,2014,4.09,7.22,53007,Diesel,Dealer,Manual,0
Toyota Fortuner,2014,31.71,60.0,61625,Petrol,Dealer,Automatic,0
Honda Amaze,2014,4.24,8.7,50677,CNG,Individual,Automatic,0
Nissan Micra,2014,2.4,4.87,56693,Petrol,Individual,Manual,0
Honda Jazz,2014,4.18,9.25,42855,Petrol,Individual,Manual,1
Ford Figo,2014,2.66,5.55,63434,Diesel,Individual,Manual,0
Nissan Micra,2014,2.68,5.99,62136,Petrol,Individual,Manual,0
Hyundai Venue,2014,6.35,12.43,77825,Diesel,Dealer,Manual,1
Audi A4,2014,27.26,60.0,52332,Petrol,Individual,Manual,0
Toyota Etios,2014,4.52,8.62,47465,Diesel,Dealer,Manual,0
Hyundai Verna,2014,6.67,11.38,41748,Diesel,Individual,Manual,0
Mahindra Scorpio,2014,10.33,20.85,55553,Petrol,Individual,Manual,0
Honda Jazz,2014,4.57,9.42,52811,Diesel,Individual,Manual,0
Maruti Wagon R,2014,2.16,4.75,55258,Diesel,Individual,Manual,2
Mahindra XUV500,2014,13.47,23.56,42065,Petrol,Dealer,Automatic,0
Renault Duster,2014,5.52,11.81,32794,Petrol,Individual,Manual,0
Renault Duster,2014,4.77,11.54,55014,Petrol,Individual,Manual,2
Maruti Ciaz,2014,4.53,10.64,48291,CNG,Individual,Automatic,1
Renault Kwid,2014,1.67,3.79,62940,Petrol,Individual,Manual,0
Hyundai i20,2014,2.8,6.61,67600,Diesel,Individual,Manual,0
Hyundai i20,2014,3.81,8.34,47555,CNG,Individual,Automatic,0
Mahindra Scorpio,2014,9.98,20.98,77028,Petrol,Dealer,Manual,0
Skoda Rapid,2014,4.75,10.02,33039,Petrol,Individual,Manual,2
Tata Harrier,2014,12.79,26.95,73741,Petrol,Dealer,Manual,1
Ford Figo,2014,2.5,5.35,69215,Petrol,Individual,Automatic,0
Ford EcoSport,2014,5.18,9.69,37647,Petrol,Dealer,Manual,0
Toyota Innova,2014,15.61,31.83,64656,Petrol,Individual,Manual,3
Hyundai Creta,2014,10.21,20.18,61745,Diesel,Individual,Automatic,0
Hyundai Verna,2014,5.42,12.64,63490,Petrol,Individual,Manual,1
Honda Jazz,2014,4.08,8.0,40713,Petrol,Dealer,Manual,0
Mercedes C-Class,2014,25.1,60.0,77166,Petrol,Individual,Manual,0
Ford Figo,2014,2.69,5.62,47131,Diesel,Individual,Manual,0
Skoda Rapid,2014,4.57,11.26,59078,Petrol,Individual,Manual,1
Hyundai Creta,2014,8.91,20.22,50973,Petrol,Individual,Manual,1
Renault Duster,2014,6.13,11.35,68803,Petrol,Dealer,Manual,0
Mercedes C-Class,2014,32.77,60.0,56608,Diesel,Individual,Automatic,1
Maruti Ciaz,2014,4.96,11.13,48481,Petrol,Dealer,Manual,1
Hyundai i20,2014,3.77,7.89,46197,Petrol,Individual,Manual,1
Maruti Vitara Brezza,2014,4.75,10.46,53740,Petrol,Individual,Manual,1
Tata Harrier,2014,11.76,24.68,61092,Petrol,Individual,Manual,0
Volkswagen Polo,2014,3.45,6.87,61602,Diesel,Individual,Manual,0
Mahindra Scorpio,2014,7.17,18.14,59569,Diesel,Individual,Manual,0
Renault Duster,2014,5.92,11.36,40336,CNG,Dealer,Manual,0
Volkswagen Polo,2014,3.8,8.15,67118,Diesel,Individual,Manual,0
Maruti Ciaz,2014,5.52,10.99,58876,Petrol,Individual,Automatic,0
Maruti Ciaz,2014,5.82,11.02,56284,Petrol,Individual,Automatic,0
Volkswagen Polo,2014,3.84,8.83,58018,Petrol,Individual,Manual,0
Mercedes C-Class,2014,26.77,60.0,65795,Diesel,Individual,Automatic,1
Tata Nexon,2014,5.95,12.43,58102,Diesel,Individual,Automatic,1
Hyundai Creta,2014,9.38,21.23,55324,Petrol,Dealer,Manual,0
Maruti Vitara Brezza,2014,4.09,8.67,42225,Petrol,Dealer,Manual,2
Renault Duster,2014,5.74,11.07,77620,Petrol,Dealer,Manual,0
Hyundai Verna,2014,8.36,13.57,42137,Diesel,Individual,Automatic,0
Renault Duster,2014,5.52,11.41,61615,Petrol,Individual,Manual,0
Volkswagen Polo,2014,2.98,5.95,39392,Petrol,Individual,Manual,1
Mahindra Bolero,2014,4.05,9.14,75979,Diesel,Individual,Manual,0
Renault Kwid,2014,1.94,3.9,49802,Diesel,Dealer,Manual,3
Tata Nexon,2014,4.62,10.43,63460,Petrol,Individual,Manual,0
Maruti Swift,2014,2.47,6.03,55673,Petrol,Individual,Manual,1
Skoda Rapid,2014,4.46,10.0,69274,Petrol,Individual,Manual,1
Renault Kwid,2014,2.84,4.57,31016,Diesel,Dealer,Manual,0
Renault Kwid,2014,1.9,3.95,63396,Diesel,Individual,Manual,1
Maruti Ciaz,2014,4.7,9.83,47914,Petrol,Individual,Manual,0
Ford Figo,2014,2.14,5.31,37753,Petrol,Individual,Manual,0
Audi A4,2014,25.98,60.0,58920,Petrol,Individual,Manual,0
Maruti Alto,2014,1.41,3.2,71399,Diesel,Dealer,Manual,1
Maruti Alto,2014,1.71,3.61,54903,Petrol,Individual,Automatic,1
Renault Kwid,2014,1.51,3.66,64867,Petrol,Individual,Manual,1
Ford EcoSport,2014,4.35,9.16,58926,Petrol,Dealer,Manual,0
Mahindra Bolero,2014,6.8,13.49,49970,Petrol,Dealer,Manual,0
Volkswagen Polo,2014,3.89,7.53,53351,Petrol,Individual,Manual,0
BMW 3 Series,2014,31.65,60.0,52397,Petrol,Dealer,Manual,0
Nissan Micra,2014,2.76,5.39,44033,Petrol,Dealer,Manual,0
Toyota Fortuner,2014,28.59,60.0,64397,Petrol,Dealer,Manual,0
Toyota Innova,2014,14.14,29.43,60255,Petrol,Individual,Manual,0
Skoda Rapid,2014,5.03,8.59,55729,Diesel,Dealer,Automatic,0
Maruti Wagon R,2014,2.88,5.09,47528,Petrol,Dealer,Automatic,0
Maruti Alto,2014,1.72,3.72,52695,Petrol,Individual,Manual,0
Mahindra Scorpio,2014,11.31,21.47,41274,Diesel,Individual,Manual,0
Volkswagen Vento,2014,6.86,12.95,46641,Petrol,Individual,Automatic,1
Tata Harrier,2014,10.14,25.67,60195,CNG,Individual,Manual,0
Maruti Alto,2014,1.53,3.53,68012,Petrol,Individual,Manual,1
Volkswagen Polo,2014,3.4,8.03,70250,Petrol,Individual,Manual,1
Tata Nexon,2014,6.14,11.89,47111,Petrol,Individual,Manual,0
Hyundai Creta,2014,9.69,22.68,60013,Petrol,Individual,Manual,2
Maruti Vitara Brezza,2014,4.77,11.15,62471,Diesel,Individual,Manual,0
Skoda Rapid,2014,5.27,10.54,42938,Diesel,Dealer,Manual,0
Mahindra Bolero,2014,4.79,10.63,62364,Diesel,Dealer,Manual,0
Mahindra Bolero,2014,4.87,11.71,74658,Diesel,Individual,Manual,0
Tata Tiago,2014,2.76,5.7,37470,Diesel,Individual,Manual,2
Mahindra XUV500,2014,12.39,23.85,47449,Diesel,Dealer,Manual,0
Tata Harrier,2014,14.67,25.98,44016,Petrol,Dealer,Manual,0
Volkswagen Polo,2014,4.01,8.01,54359,Petrol,Dealer,Manual,1
Toyota Innova,2014,14.09,29.54,48699,Petrol,Individual,Manual,1
Ford EcoSport,2014,4.18,8.5,63539,Petrol,Dealer,Manual,0
Honda Amaze,2014,2.9,7.35,66463,Petrol,Individual,Manual,0
Mahindra XUV500,2014,11.03,24.46,46515,Petrol,Individual,Manual,0
Maruti Baleno,2014,3.68,8.21,68530,Petrol,Individual,Manual,0
Toyota Fortuner,2014,30.25,59.51,62358,Diesel,Individual,Manual,0
Maruti Alto,2014,1.36,3.42,64185,Petrol,Individual,Manual,0
Tata Nexon,2014,5.85,11.72,54301,Diesel,Individual,Manual,0
Honda City,2014,5.63,13.56,49269,Diesel,Individual,Manual,1
Nissan Micra,2014,2.42,5.5,79370,Petrol,Individual,Manual,1
Maruti Alto,2014,1.75,3.63,49706,Petrol,Individual,Manual,0
Maruti Vitara Brezza,2014,4.35,9.56,35474,Petrol,Individual,Manual,0
Hyundai Venue,2014,5.41,11.89,71023,Diesel,Individual,Manual,0
Skoda Rapid,2014,4.1,9.34,69952,Petrol,Individual,Manual,1
Audi A4,2014,34.27,60.0,42846,Diesel,Dealer,Manual,0
Maruti Wagon R,2014,2.14,5.1,54420,CNG,Dealer,Automatic,1
Ford Figo,2014,2.52,4.95,41091,Petrol,Dealer,Automatic,2
Ford EcoSport,2014,4.79,8.96,40719,Petrol,Individual,Manual,0
Hyundai Verna,2014,8.21,13.22,49032,Diesel,Dealer,Automatic,0
Tata Nexon,2014,5.57,11.8,63033,Diesel,Individual,Manual,0
Hyundai Venue,2014,5.03,10.5,43188,Petrol,Individual,Manual,0
Volkswagen Polo,2014,3.78,7.81,44122,Petrol,Individual,Automatic,1
Hyundai Creta,2014,8.87,21.27,61653,Petrol,Individual,Manual,0
Nissan Micra,2014,2.42,5.41,59567,Petrol,Individual,Manual,1
Toyota Fortuner,2014,32.39,60.0,43105,Diesel,Individual,Manual,1
Audi A4,2014,26.67,60.0,44984,Petrol,Individual,Manual,0
Maruti Wagon R,2014,2.08,4.71,57183,Petrol,Individual,Manual,0
Volkswagen Polo,2014,3.8,8.13,68484,Petrol,Dealer,Manual,0
Volkswagen Polo,2014,3.87,6.91,36236,Diesel,Individual,Manual,0
Hyundai Venue,2014,5.42,11.19,45083,Diesel,Dealer,Manual,0
Mahindra Scorpio,2014,9.41,19.02,49033,Petrol,Individual,Manual,0
Tata Harrier,2014,11.0,26.0,68695,Diesel,Individual,Manual,0
Maruti Baleno,2014,4.57,9.04,59583,Diesel,Dealer,Manual,1
Mahindra Scorpio,2014,8.34,18.85,45649,Petrol,Individual,Manual,1
Mercedes C-Class,2014,27.38,60.0,61250,Petrol,Individual,Manual,0
Volkswagen Polo,2014,4.0,7.6,41493,Diesel,Dealer,Manual,0
Ford EcoSport,2014,4.06,9.39,74313,Petrol,Dealer,Manual,0
Nissan Micra,2014,2.27,4.89,57321,Petrol,Individual,Manual,0
Maruti Alto,2014,1.71,3.69,65090,Petrol,Dealer,Manual,0
Ford Figo,2014,2.68,5.65,50124,Petrol,Individual,Manual,0
Tata Tiago,2014,2.23,5.11,58341,Petrol,Individual,Manual,0
Maruti Swift,2014,3.13,6.74,40254,Diesel,Individual,Manual,0
Hyundai Creta,2014,9.79,20.05,43830,Petrol,Dealer,Manual,0
Tata Tiago,2014,2.76,5.43,73418,Diesel,Dealer,Automatic,1
BMW 3 Series,2014,24.23,60.0,72549,Petrol,Individual,Manual,2
Maruti Vitara Brezza,2014,5.38,9.86,42516,Diesel,Dealer,Manual,0
Honda Jazz,2014,4.34,10.24,59559,Petrol,Individual,Manual,0
Maruti Baleno,2014,3.82,7.93,66141,Diesel,Dealer,Manual,0
Audi A4,2013,27.51,60.0,44797,Diesel,Individual,Manual,0
BMW 3 Series,2013,28.17,60.0,67643,Petrol,Individual,Manual,0
BMW 3 Series,2013,24.33,60.0,76478,Diesel,Individual,Manual,1
Toyota Innova,2013,12.02,30.93,77599,Petrol,Dealer,Manual,1
Mahindra Bolero,2013,3.97,8.89,67350,Diesel,Dealer,Manual,0
Hyundai Venue,2013,5.19,10.52,64542,Petrol,Individual,Automatic,0
Mercedes C-Class,2013,26.52,60.0,34580,Petrol,Individual,Manual,0
Hyundai i10,2013,2.0,4.55,61186,Petrol,Individual,Manual,0
Maruti Alto,2013,1.73,3.83,63582,Diesel,Individual,Manual,0
Nissan Micra,2013,1.97,4.71,60891,Petrol,Individual,Manual,0
Mahindra XUV500,2013,11.29,24.94,69202,Diesel,Dealer,Manual,0
Maruti Baleno,2013,3.91,8.7,44078,Diesel,Individual,Manual,0
Maruti Wagon R,2013,2.05,4.97,36018,Petrol,Individual,Manual,0
Renault Duster,2013,4.62,11.48,70355,Petrol,Individual,Manual,1
Tata Harrier,2013,10.75,24.79,70731,Petrol,Individual,Manual,0
Volkswagen Polo,2013,3.9,8.15,62939,Petrol,Individual,Manual,0
Volkswagen Vento,2013,4.89,12.13,75930,Petrol,Individual,Manual,1
Honda Amaze,2013,2.41,6.87,81330,CNG,Individual,Manual,0
Honda Amaze,2013,3.2,7.52,69642,Petrol,Dealer,Manual,0
Toyota Innova,2013,12.42,30.59,76960,Petrol,Dealer,Manual,0
Hyundai Creta,2013,10.48,21.91,65122,Petrol,Dealer,Automatic,1
Ford EcoSport,2013,4.52,10.1,52168,Diesel,Dealer,Manual,1
Toyota Etios,2013,3.42,9.2,55252,Petrol,Individual,Manual,0
Maruti Baleno,2013,3.4,8.49,58017,Petrol,Individual,Manual,0
Tata Tiago,2013,2.22,4.76,52189,Petrol,Dealer,Manual,0
Hyundai Creta,2013,8.48,19.99,76887,Petrol,Individual,Manual,0
Honda Amaze,2013,4.02,8.57,57944,Petrol,Individual,Manual,0
Mahindra Bolero,2013,4.78,10.19,50816,Diesel,Individual,Manual,0
Honda Amaze,2013,2.99,7.24,64116,Petrol,Dealer,Manual,3
Honda Jazz,2013,2.92,8.73,45620,Diesel,Individual,Manual,3
Maruti Swift,2013,2.58,6.49,42311,CNG,Individual,Manual,0
Skoda Rapid,2013,4.7,11.21,74662,Petrol,Individual,Manual,0
Hyundai i20,2013,2.91,7.41,66789,Petrol,Dealer,Manual,1
Mahindra XUV500,2013,12.2,24.6,58380,Petrol,Dealer,Manual,0
Toyota Innova,2013,13.2,32.17,78812,Petrol,Individual,Manual,0
Toyota Innova,2013,10.94,27.15,45827,Petrol,Individual,Manual,1
Renault Kwid,2013,1.49,3.49,53902,Petrol,Individual,Manual,0
Tata Nexon,2013,3.87,9.06,42257,Diesel,Individual,Manual,0
Hyundai Creta,2013,9.37,21.15,73897,Petrol,Dealer,Manual,0
Toyota Fortuner,2013,26.32,60.0,49139,Petrol,Individual,Manual,0
Hyundai Venue,2013,4.37,9.97,52076,Petrol,Individual,Manual,0
Honda City,2013,5.11,10.94,54518,Petrol,Dealer,Manual,0
Nissan Micra,2013,2.43,4.98,53263,Petrol,Dealer,Manual,0
Mahindra Scorpio,2013,7.89,16.53,49904,Petrol,Individual,Manual,0
Maruti Alto,2013,1.48,3.3,55023,Diesel,Dealer,Manual,1
Maruti Swift,2013,3.27,7.01,47134,Petrol,Dealer,Manual,0
Toyota Etios,2013,3.3,9.06,53553,Petrol,Individual,Manual,0
Honda Amaze,2013,2.44,6.67,77875,Petrol,Individual,Manual,1
Hyundai i20,2013,3.15,7.55,66394,Petrol,Dealer,Manual,0
Tata Nexon,2013,3.48,9.49,60394,Petrol,Individual,Manual,0
Maruti Vitara Brezza,2013,4.17,12.04,74336,Petrol,Individual,Manual,1
Maruti Baleno,2013,3.52,7.83,66490,Petrol,Individual,Manual,0
Mahindra XUV500,2013,12.69,27.45,55574,Petrol,Dealer,Manual,0
Maruti Vitara Brezza,2013,4.42,10.44,56446,CNG,Individual,Manual,0
Toyota Fortuner,2013,21.92,60.0,57865,Petrol,Individual,Manual,0
Ford EcoSport,2013,3.82,9.27,75618,Diesel,Individual,Manual,0
Maruti Alto,2013,1.48,3.36,61432,Petrol,Individual,Manual,0
Hyundai Venue,2013,4.67,10.15,83943,Petrol,Dealer,Manual,0
Hyundai i20,2013,2.73,7.6,77830,CNG,Individual,Manual,0
Hyundai i20,2013,1.84,5.76,59636,CNG,Individual,Manual,2
Mahindra Bolero,2013,4.59,10.95,53587,Diesel,Dealer,Manual,0
Honda City,2013,5.27,13.58,75011,Diesel,Individual,Manual,1
Maruti Alto,2013,1.71,3.57,55222,Petrol,Dealer,Manual,0
Mahindra XUV500,2013,10.0,21.74,45840,Diesel,Individual,Manual,0
Volkswagen Polo,2013,2.87,7.06,46328,Diesel,Individual,Manual,1
Mercedes C-Class,2013,26.51,60.0,68374,Diesel,Individual,Manual,0
Hyundai Creta,2013,7.54,17.94,79580,Petrol,Individual,Manual,1
Maruti Alto,2013,1.49,3.15,52881,Diesel,Dealer,Manual,0
Volkswagen Vento,2013,4.83,12.7,51313,Diesel,Individual,Manual,0
Hyundai Creta,2013,9.64,19.08,51438,Diesel,Individual,Manual,0
Volkswagen Vento,2013,4.75,11.23,83422,Diesel,Individual,Automatic,0
Maruti Vitara Brezza,2013,3.37,8.48,71405,Petrol,Dealer,Manual,1
Toyota Innova,2013,12.88,27.92,44232,Diesel,Individual,Manual,2
Hyundai Verna,2013,4.75,13.9,84589,Petrol,Individual,Manual,1
Skoda Rapid,2013,4.3,8.57,44738,Petrol,Dealer,Manual,0
Maruti Wagon R,2013,2.06,4.43,62503,Petrol,Individual,Manual,0
Toyota Etios,2013,3.36,7.84,65483,Petrol,Individual,Manual,0
Honda Jazz,2013,3.32,8.3,66199,Diesel,Dealer,Manual,2
Hyundai Venue,2013,5.31,11.44,73405,Diesel,Dealer,Manual,0
Mercedes C-Class,2013,22.13,60.0,71422,Petrol,Individual,Manual,1
Mahindra XUV500,2013,8.64,19.56,67898,Petrol,Individual,Manual,0
Toyota Etios,2013,3.27,8.04,58948,Petrol,Individual,Manual,0
Skoda Rapid,2013,4.53,10.74,82646,Diesel,Individual,Manual,0
Maruti Baleno,2013,4.23,8.39,65474,Petrol,Dealer,Manual,0
Maruti Ciaz,2013,5.24,10.96,66631,Diesel,Dealer,Manual,0
BMW 3 Series,2013,26.98,60.0,70226,Petrol,Individual,Manual,0
Mercedes C-Class,2013,22.11,60.0,44900,CNG,Individual,Manual,0
Skoda Rapid,2013,4.74,10.19,48527,Petrol,Dealer,Automatic,1
Hyundai i10,2013,2.06,4.32,50922,Diesel,Dealer,Manual,0
Honda City,2013,6.64,13.37,62857,Petrol,Dealer,Manual,0
Renault Duster,2013,5.69,11.89,54772,Diesel,Dealer,Manual,0
Honda Amaze,2013,3.03,6.97,49515,Petrol,Individual,Manual,0
Toyota Innova,2013,11.59,25.9,60836,Petrol,Individual,Automatic,0
Honda Amaze,2013,3.43,7.09,63740,Petrol,Dealer,Manual,0
Hyundai Verna,2013,4.68,12.22,75347,Diesel,Individual,Manual,0
Mahindra Bolero,2013,3.65,10.03,65855,Petrol,Dealer,Manual,2
Hyundai Venue,2013,5.32,10.94,48625,Petrol,Dealer,Manual,0
Maruti Baleno,2013,4.01,8.44,47377,Petrol,Dealer,Manual,0
Tata Nexon,2013,4.97,11.71,59496,Petrol,Individual,Manual,0
Maruti Alto,2013,1.38,3.73,57967,Petrol,Individual,Manual,1
Ford EcoSport,2013,3.35,8.31,38951,Petrol,Individual,Manual,0
Ford Figo,2013,2.13,5.45,70377,Petrol,Individual,Manual,0
Hyundai Verna,2013,6.29,14.41,46357,CNG,Individual,Manual,0
BMW 3 Series,2013,28.56,60.0,70134,Petrol,Dealer,Manual,1
Hyundai Verna,2013,6.22,13.62,57751,Petrol,Individual,Manual,0
Hyundai Venue,2013,3.81,10.53,89802,Petrol,Individual,Manual,0
Maruti Alto,2013,1.72,3.5,70031,Petrol,Dealer,Automatic,1
Toyota Fortuner,2013,25.06,60.0,59650,Petrol,Individual,Manual,1
Hyundai i20,2013,3.09,7.71,59200,Diesel,Individual,Manual,0
Hyundai i20,2013,3.06,7.7,72026,Petrol,Individual,Manual,0
Toyota Etios,2013,3.5,7.41,66369,Petrol,Individual,Automatic,0
BMW 3 Series,2013,23.03,60.0,71665,Petrol,Individual,Manual,0
Mercedes C-Class,2013,29.08,60.0,41770,Petrol,Dealer,Manual,0
Tata Tiago,2013,2.33,5.6,87749,Petrol,Individual,Manual,0
Tata Tiago,2013,1.89,4.61,63925,Petrol,Individual,Manual,0
Tata Harrier,2013,9.5,27.03,59364,Petrol,Individual,Manual,0
Hyundai i20,2013,2.2,6.68,77916,Diesel,Individual,Manual,2
Hyundai Venue,2013,5.38,11.96,79004,Diesel,Individual,Manual,0
Tata Nexon,2013,4.67,11.52,37940,Petrol,Individual,Manual,0
Skoda Rapid,2013,3.94,10.84,73872,Petrol,Individual,Manual,0
BMW 3 Series,2013,23.12,60.0,80926,Petrol,Individual,Manual,0
Hyundai Verna,2013,6.54,14.11,53237,Petrol,Dealer,Manual,0
Maruti Wagon R,2013,2.16,5.07,67457,Diesel,Individual,Manual,0
Honda Amaze,2013,3.85,8.49,71614,Diesel,Individual,Manual,0
Honda City,2013,7.27,14.46,46105,Petrol,Dealer,Manual,2
Mahindra Bolero,2013,4.66,10.56,49331,Diesel,Dealer,Manual,1
Maruti Vitara Brezza,2013,3.87,10.19,74388,Petrol,Dealer,Manual,2
Toyota Etios,2013,3.55,7.59,57442,Diesel,Dealer,Manual,2
Mercedes C-Class,2013,20.12,60.0,66158,Petrol,Individual,Manual,3
Ford Figo,2013,2.09,5.26,54460,Diesel,Dealer,Manual,0
Maruti Vitara Brezza,2013,4.34,9.9,74453,Petrol,Dealer,Manual,0
Maruti Wagon R,2013,2.35,5.38,56771,Diesel,Individual,Manual,1
Toyota Innova,2013,12.21,30.84,49093,Petrol,Individual,Manual,0
Ford EcoSport,2013,3.79,9.27,67478,Petrol,Individual,Automatic,0
Honda City,2013,5.6,12.15,84479,Petrol,Dealer,Manual,0
Tata Nexon,2013,4.54,10.91,66636,Petrol,Dealer,Manual,0
Mahindra Bolero,2013,4.55,10.84,89043,Diesel,Individual,Manual,0
Honda City,2013,6.21,13.88,72218,Diesel,Individual,Automatic,1
Hyundai Verna,2013,5.05,11.45,49875,Diesel,Individual,Manual,1
Skoda Rapid,2013,4.35,10.4,73991,Petrol,Individual,Manual,0
Mahindra Bolero,2013,5.2,10.28,58351,Petrol,Dealer,Manual,0
Hyundai Verna,2013,6.77,15.41,61886,Petrol,Individual,Manual,0
Mahindra Scorpio,2013,8.62,18.81,54974,Diesel,Individual,Manual,0
Maruti Wagon R,2013,2.4,4.82,65060,Petrol,Individual,Automatic,1
Renault Kwid,2013,2.1,3.96,59191,Diesel,Dealer,Manual,0
Toyota Fortuner,2013,25.52,59.31,49959,Diesel,Individual,Manual,0
Mahindra Bolero,2013,4.17,9.82,51054,Diesel,Individual,Manual,0
Toyota Etios,2013,2.41,6.36,62316,CNG,Individual,Manual,1
Honda Jazz,2013,4.14,9.88,76603,Petrol,Dealer,Manual,0
Hyundai i10,2013,2.05,4.49,83240,Petrol,Dealer,Automatic,1
Maruti Vitara Brezza,2013,4.26,9.39,44312,Diesel,Dealer,Manual,0
Tata Nexon,2013,4.21,11.52,65347,Petrol,Individual,Manual,2
Honda Amaze,2013,3.57,7.81,87631,Petrol,Individual,Manual,0
Honda Amaze,2013,3.39,7.45,86930,Petrol,Dealer,Manual,0
Hyundai Verna,2013,6.17,12.97,60905,Petrol,Individual,Automatic,0
Tata Harrier,2013,9.55,23.18,49658,Petrol,Individual,Manual,1
Volkswagen Vento,2013,4.61,11.06,81877,Petrol,Individual,Manual,0
Toyota Innova,2013,12.69,32.89,69027,Petrol,Dealer,Manual,1
Maruti Vitara Brezza,2013,4.18,10.04,78308,Diesel,Individual,Manual,0
Ford EcoSport,2013,4.58,10.41,77942,Petrol,Individual,Manual,0
Nissan Micra,2013,2.94,6.09,58353,Petrol,Dealer,Manual,0
Maruti Vitara Brezza,2013,4.4,9.27,61988,Petrol,Dealer,Manual,0
Toyota Innova,2013,13.24,29.17,46384,Petrol,Individual,Manual,0
Renault Kwid,2013,1.64,3.45,60416,Diesel,Dealer,Manual,0
Maruti Baleno,2013,3.76,8.08,78940,Diesel,Dealer,Manual,0
BMW 3 Series,2013,26.25,60.0,40388,Diesel,Individual,Manual,0
Volkswagen Polo,2013,4.09,8.69,66599,Diesel,Dealer,Manual,0
Volkswagen Polo,2013,2.74,7.86,71833,Petrol,Individual,Manual,1
Ford EcoSport,2013,5.0,10.53,68839,Petrol,Individual,Automatic,0
BMW 3 Series,2013,30.17,60.0,49544,Diesel,Dealer,Manual,0
Hyundai i10,2013,1.95,4.39,73888,Diesel,Individual,Manual,0
Volkswagen Vento,2013,5.41,12.62,73435,Diesel,Dealer,Manual,0
Maruti Baleno,2013,3.27,7.91,48630,Petrol,Individual,Manual,0
Hyundai i20,2013,3.79,8.02,74654,Petrol,Dealer,Manual,0
Nissan Micra,2013,2.37,5.44,34309,Diesel,Individual,Manual,1
Toyota Fortuner,2013,22.94,60.0,70347,Petrol,Individual,Manual,0
Honda City,2013,5.37,13.49,72433,Petrol,Individual,Manual,2
Volkswagen Polo,2013,3.19,8.43,73141,Petrol,Individual,Manual,0
Volkswagen Vento,2013,4.08,12.34,64930,CNG,Individual,Manual,2
Hyundai i20,2013,3.32,8.05,45571,Petrol,Individual,Manual,2
Honda City,2013,4.17,11.8,65866,Petrol,Individual,Manual,2
Audi A4,2013,23.98,60.0,68074,Petrol,Individual,Manual,0
Volkswagen Polo,2013,3.57,8.12,50600,Diesel,Individual,Manual,3
Ford Figo,2013,2.23,5.77,54252,Petrol,Individual,Manual,0
Tata Harrier,2013,10.76,26.43,87003,Petrol,Dealer,Manual,0
BMW 3 Series,2013,31.09,60.0,74720,Petrol,Dealer,Manual,0
Toyota Etios,2013,3.97,8.3,56294,Petrol,Dealer,Manual,0
Toyota Etios,2013,3.27,7.28,49588,Petrol,Individual,Manual,0
Hyundai i10,2013,1.93,4.23,55245,Diesel,Individual,Manual,0
Maruti Alto,2013,1.33,3.76,73969,Diesel,Individual,Manual,0
Maruti Wagon R,2013,2.54,4.99,46175,Petrol,Dealer,Automatic,1
Renault Kwid,2013,1.53,3.73,51194,Petrol,Individual,Automatic,3
Maruti Wagon R,2013,2.03,4.57,75359,Diesel,Dealer,Manual,0
Tata Tiago,2013,2.17,4.74,49868,Petrol,Individual,Manual,0
Tata Nexon,2013,4.18,10.87,81057,Petrol,Individual,Manual,1
Maruti Alto,2013,1.57,3.72,72701,Petrol,Individual,Manual,0
Maruti Swift,2013,2.52,5.84,46928,Petrol,Individual,Manual,0
Toyota Etios,2013,3.34,8.24,90747,Petrol,Individual,Manual,0
Toyota Etios,2013,3.77,7.56,74175,Diesel,Dealer,Manual,0
Tata Harrier,2013,9.61,24.19,45296,Petrol,Individual,Manual,1
Maruti Baleno,2013,3.11,7.69,66516,Diesel,Individual,Manual,1
Mahindra Scorpio,2013,7.11,17.9,50202,Diesel,Individual,Manual,0
Honda Jazz,2013,3.24,8.45,65308,Petrol,Individual,Manual,1
Renault Kwid,2013,1.49,3.64,58194,Diesel,Dealer,Manual,3
Tata Nexon,2013,4.54,12.19,72611,Petrol,Individual,Manual,1
Maruti Baleno,2013,3.13,7.21,88929,Diesel,Individual,Automatic,2
Maruti Wagon R,2013,2.36,6.01,51693,Petrol,Dealer,Manual,0
Hyundai Venue,2013,5.02,11.77,86832,Petrol,Dealer,Manual,0
Honda City,2013,6.14,13.92,73492,Petrol,Individual,Manual,0
Toyota Etios,2013,3.14,7.75,73222,Petrol,Dealer,Manual,1
Ford Figo,2013,2.92,6.01,40015,Petrol,Individual,Manual,0
Ford EcoSport,2013,4.09,9.72,85683,Diesel,Dealer,Manual,0
Nissan Micra,2013,2.29,5.55,65409,CNG,Dealer,Manual,1
Audi A4,2013,29.47,60.0,76046,Petrol,Dealer,Manual,0
Ford Figo,2013,2.22,5.06,42693,Petrol,Individual,Manual,0
Toyota Etios,2013,3.41,7.51,54754,Petrol,Individual,Manual,0
Honda Amaze,2013,3.81,8.6,56967,Petrol,Dealer,Manual,0
Honda Amaze,2013,3.14,7.68,58395,Petrol,Dealer,Automatic,2
Hyundai Creta,2013,6.49,19.93,61850,Diesel,Individual,Manual,3
BMW 3 Series,2013,28.01,60.0,61711,Petrol,Dealer,Manual,0
Maruti Swift,2013,2.83,5.65,57096,Petrol,Dealer,Manual,0
Maruti Swift,2013,2.85,7.15,67162,Petrol,Dealer,Manual,0
Hyundai Verna,2013,5.93,13.92,83516,Petrol,Individual,Manual,0
Hyundai i20,2013,3.5,6.99,40927,Petrol,Individual,Automatic,0
Toyota Innova,2013,12.09,29.56,56690,Diesel,Dealer,Manual,2
Toyota Innova,2013,12.31,28.78,86499,Diesel,Individual,Automatic,0
Renault Duster,2013,5.24,11.48,73406,Diesel,Dealer,Manual,0
Maruti Wagon R,2013,2.42,4.96,48358,Diesel,Individual,Automatic,0
Nissan Micra,2013,2.78,6.18,44082,Petrol,Dealer,Manual,0
Mercedes C-Class,2013,25.22,60.0,50559,Petrol,Individual,Manual,0
Honda City,2013,5.0,15.01,50899,Petrol,Individual,Manual,0
Skoda Rapid,2013,6.13,11.66,37333,Petrol,Dealer,Automatic,0
Mahindra Scorpio,2013,8.09,19.98,55446,Diesel,Dealer,Manual,0
Maruti Swift,2013,2.04,5.63,66783,CNG,Individual,Manual,1
Maruti Alto,2013,1.43,3.31,51655,Diesel,Individual,Manual,2
Renault Duster,2013,5.26,13.15,83900,Petrol,Individual,Manual,0
Honda Jazz,2013,4.18,9.35,68352,Diesel,Individual,Manual,1
Ford EcoSport,2013,4.48,9.59,59621,Petrol,Individual,Automatic,0
Honda City,2013,5.88,15.04,85385,Petrol,Individual,Automatic,0
Honda City,2013,5.28,14.0,53666,Diesel,Individual,Manual,2
Toyota Innova,2013,14.47,30.64,38762,Petrol,Dealer,Manual,0
Toyota Innova,2013,13.45,29.27,47271,Diesel,Individual,Manual,0
Hyundai Venue,2013,3.94,10.33,86611,Petrol,Individual,Manual,1
Hyundai i10,2013,1.85,4.27,73069,Petrol,Individual,Manual,0
Mercedes C-Class,2013,21.91,60.0,58599,Petrol,Individual,Manual,1
Tata Harrier,2013,10.54,22.77,74234,Petrol,Individual,Automatic,0
Ford Figo,2013,2.37,5.38,56125,Petrol,Individual,Manual,0
Renault Duster,2013,4.1,11.9,74786,Diesel,Individual,Manual,1
Honda City,2013,6.11,14.9,53012,Petrol,Dealer,Manual,0
Toyota Fortuner,2013,28.02,60.0,52105,CNG,Dealer,Manual,0
Ford EcoSport,2013,3.4,8.64,62636,Petrol,Dealer,Manual,2
Mahindra Scorpio,2013,8.48,19.31,68684,Diesel,Individual,Manual,1
Maruti Wagon R,2013,2.29,5.03,49189,Petrol,Dealer,Manual,1
Volkswagen Vento,2013,5.4,12.22,80970,Diesel,Dealer,Manual,1
Honda City,2013,5.04,11.33,69081,Petrol,Dealer,Manual,1
Ford Figo,2013,2.89,5.9,71872,Petrol,Dealer,Automatic,0
Mahindra XUV500,2013,9.19,22.87,75096,Petrol,Individual,Manual,0
Ford EcoSport,2013,4.75,8.49,62982,Diesel,Dealer,Automatic,1
Renault Kwid,2013,2.1,3.89,53089,Diesel,Dealer,Manual,0
Toyota Etios,2013,3.31,8.27,60093,Petrol,Individual,Manual,0
Honda Amaze,2013,3.34,8.37,46856,Petrol,Individual,Manual,0
Honda City,2013,5.75,13.44,57494,Petrol,Individual,Manual,0
Renault Duster,2013,5.63,12.26,43478,Diesel,Dealer,Manual,0
Mercedes C-Class,2013,22.07,60.0,69646,CNG,Dealer,Manual,0
Hyundai Venue,2012,4.54,10.91,78633,Petrol,Individual,Automatic,0
Maruti Ciaz,2012,3.47,9.06,84386,Diesel,Dealer,Manual,0
Ford EcoSport,2012,3.35,8.05,57565,Petrol,Individual,Automatic,0
Hyundai Verna,2012,4.89,12.83,66054,Petrol,Dealer,Manual,0
Mahindra Scorpio,2012,8.15,18.79,70984,Petrol,Dealer,Manual,0
Toyota Fortuner,2012,20.38,60.0,81486,Petrol,Individual,Manual,0
Maruti Ciaz,2012,3.79,11.28,81919,Petrol,Individual,Automatic,2
Honda City,2012,5.12,13.81,46501,Petrol,Individual,Manual,0
Toyota Etios,2012,3.09,7.99,87918,Diesel,Individual,Manual,0
Hyundai i10,2012,1.36,3.31,82737,Petrol,Individual,Manual,0
Honda Jazz,2012,2.71,7.95,84833,Petrol,Individual,Manual,0
Maruti Baleno,2012,3.45,7.59,48263,Petrol,Dealer,Manual,0
Toyota Fortuner,2012,19.97,60.0,83603,Petrol,Individual,Manual,1
Tata Harrier,2012,9.96,24.02,86757,Diesel,Individual,Manual,0
Maruti Baleno,2012,2.66,6.44,50877,CNG,Dealer,Manual,1
Maruti Ciaz,2012,3.79,9.3,46951,Diesel,Individual,Manual,0
BMW 3 Series,2012,22.41,60.0,98157,Petrol,Individual,Manual,0
Ford Figo,2012,2.69,6.4,89235,Petrol,Dealer,Manual,0
Hyundai Verna,2012,5.18,13.21,93121,Petrol,Individual,Automatic,0
Maruti Wagon R,2012,2.0,4.64,69330,Petrol,Dealer,Manual,0
Honda Jazz,2012,3.9,8.99,71601,Petrol,Dealer,Automatic,0
Hyundai Creta,2012,7.37,20.16,41933,Petrol,Individual,Manual,1
Maruti Alto,2012,1.23,3.93,79040,Petrol,Individual,Manual,0
Tata Nexon,2012,5.1,10.33,63037,Petrol,Dealer,Manual,0
Renault Duster,2012,5.04,11.57,71810,Petrol,Individual,Automatic,0
Maruti Wagon R,2012,2.21,5.11,57959,Petrol,Dealer,Manual,0
Tata Nexon,2012,4.2,11.81,65463,Petrol,Individual,Manual,1
Hyundai Creta,2012,8.63,21.74,94599,Petrol,Dealer,Manual,0
Ford EcoSport,2012,2.95,8.08,72364,Petrol,Individual,Manual,0
Mercedes C-Class,2012,24.64,60.0,62628,Diesel,Individual,Manual,1
Mahindra Bolero,2012,3.03,9.04,83910,CNG,Individual,Manual,0
Honda City,2012,5.8,15.51,75760,Petrol,Individual,Manual,1
Mahindra Scorpio,2012,7.18,15.43,41981,Petrol,Dealer,Manual,0
Hyundai Creta,2012,8.11,22.4,62398,Petrol,Individual,Manual,0
Audi A4,2012,20.23,60.0,75192,CNG,Individual,Manual,0
Toyota Fortuner,2012,18.05,60.0,80521,Petrol,Individual,Manual,0
Ford Figo,2012,1.9,5.5,49081,Petrol,Individual,Manual,0
Honda Jazz,2012,3.69,8.79,54419,Petrol,Individual,Manual,0
Mahindra XUV500,2012,9.1,20.79,92958,Diesel,Dealer,Manual,0
Maruti Vitara Brezza,2012,2.86,9.19,66589,Diesel,Individual,Manual,1
Hyundai Venue,2012,3.76,9.27,75778,Diesel,Individual,Automatic,0
Renault Duster,2012,5.02,11.17,69611,Petrol,Dealer,Manual,0
Tata Harrier,2012,10.43,28.64,87601,Diesel,Dealer,Manual,0
Hyundai Venue,2012,5.12,12.16,71787,Diesel,Dealer,Manual,0
Toyota Fortuner,2012,24.04,60.0,78515,Diesel,Individual,Manual,0
Honda Jazz,2012,3.47,8.25,58271,Petrol,Dealer,Manual,0
Maruti Vitara Brezza,2012,4.07,9.2,63311,Diesel,Individual,Manual,0
BMW 3 Series,2012,26.73,60.0,47154,Petrol,Dealer,Manual,0
Mahindra Bolero,2012,3.98,10.82,66102,Petrol,Individual,Manual,0
Tata Harrier,2012,10.06,27.77,88214,Diesel,Dealer,Manual,0
Maruti Vitara Brezza,2012,3.9,9.51,76250,Petrol,Individual,Manual,1
Tata Harrier,2012,10.07,29.65,95647,Petrol,Individual,Manual,0
Volkswagen Polo,2012,2.74,6.95,77401,Diesel,Individual,Manual,0
Honda Jazz,2012,3.5,8.97,87041,Petrol,Dealer,Manual,1
Tata Harrier,2012,9.75,26.96,80972,Diesel,Individual,Manual,0
Volkswagen Vento,2012,4.57,11.68,97231,Diesel,Individual,Manual,0
Maruti Alto,2012,1.53,3.74,64425,Petrol,Individual,Automatic,0
Maruti Swift,2012,3.2,7.21,53918,Diesel,Individual,Manual,0
BMW 3 Series,2012,23.29,60.0,61263,Petrol,Individual,Manual,0
Hyundai Venue,2012,4.06,10.77,90964,Diesel,Individual,Manual,0
Hyundai i10,2012,1.44,3.93,49874,Diesel,Individual,Manual,3
Volkswagen Vento,2012,4.3,12.36,77387,CNG,Individual,Manual,0
Maruti Ciaz,2012,2.62,9.55,85550,CNG,Individual,Manual,0
Honda Amaze,2012,3.07,7.26,42806,Petrol,Individual,Manual,0
Mahindra Scorpio,2012,7.73,19.09,83952,Diesel,Individual,Manual,0
Toyota Etios,2012,3.05,7.29,68601,Petrol,Dealer,Manual,0
Hyundai i20,2012,2.52,7.2,84875,Diesel,Individual,Manual,0
Audi A4,2012,21.75,60.0,72274,Petrol,Individual,Manual,0
Volkswagen Vento,2012,4.65,12.72,60920,CNG,Individual,Manual,0
Maruti Alto,2012,1.47,3.55,86215,Diesel,Individual,Manual,0
Ford Figo,2012,2.14,5.24,59026,Petrol,Dealer,Manual,0
Renault Duster,2012,4.92,12.06,56827,Petrol,Dealer,Manual,0
Mahindra XUV500,2012,6.92,18.61,72613,Petrol,Individual,Manual,1
Tata Harrier,2012,10.11,24.72,42371,Petrol,Individual,Manual,0
Volkswagen Vento,2012,4.71,12.22,83580,Petrol,Dealer,Manual,0
Tata Harrier,2012,9.57,24.25,68069,Petrol,Individual,Manual,0
Renault Kwid,2012,1.32,3.55,63172,Petrol,Individual,Manual,0
Volkswagen Polo,2012,2.71,7.79,73689,Petrol,Individual,Manual,0
Renault Kwid,2012,1.33,4.45,94684,CNG,Individual,Manual,1
Audi A4,2012,22.68,60.0,59609,Petrol,Individual,Manual,0
Volkswagen Vento,2012,4.43,11.21,48432,Petrol,Individual,Manual,0
Maruti Alto,2012,1.45,3.55,64479,Petrol,Dealer,Manual,0
Hyundai i20,2012,3.17,8.29,71308,Diesel,Individual,Manual,1
Honda Amaze,2012,3.15,7.77,72785,Petrol,Dealer,Manual,0
Mahindra Scorpio,2012,7.46,19.56,53806,Petrol,Dealer,Manual,1
Honda City,2012,6.29,13.56,41489,Diesel,Individual,Manual,0
Maruti Ciaz,2012,3.77,10.69,44993,Petrol,Individual,Manual,0
Tata Tiago,2012,2.39,5.4,57720,Petrol,Individual,Automatic,0
Ford Figo,2012,2.28,5.24,79595,Diesel,Dealer,Manual,0
Honda Jazz,2012,3.74,8.71,81114,Petrol,Dealer,Manual,0
Toyota Innova,2012,13.33,29.42,77224,Petrol,Dealer,Manual,0
Toyota Etios,2012,2.4,7.89,79787,CNG,Individual,Manual,0
Honda Jazz,2012,3.37,8.14,67211,Diesel,Dealer,Manual,0
Ford EcoSport,2012,4.14,10.39,49406,Petrol,Individual,Manual,0
Renault Duster,2012,4.03,10.29,83468,Petrol,Dealer,Manual,0
Toyota Etios,2012,3.58,8.56,50570,Petrol,Individual,Manual,0
Toyota Fortuner,2012,21.17,60.0,76818,Diesel,Individual,Manual,0
Tata Tiago,2012,1.78,5.18,70862,Petrol,Individual,Manual,1
Tata Harrier,2012,9.84,27.01,77797,Petrol,Dealer,Manual,2
Renault Kwid,2012,1.54,3.61,73393,Diesel,Dealer,Manual,0
Toyota Fortuner,2012,22.31,59.72,52514,Petrol,Individual,Manual,0
Toyota Etios,2012,3.25,8.34,74657,Petrol,Individual,Manual,0
Volkswagen Vento,2012,3.97,11.76,81178,Petrol,Individual,Manual,2
Maruti Baleno,2012,3.03,7.49,55477,Diesel,Individual,Manual,0
Honda City,2012,4.81,12.46,81568,Diesel,Individual,Manual,0
Maruti Vitara Brezza,2012,4.32,9.39,63434,Diesel,Dealer,Manual,0
Skoda Rapid,2012,4.42,11.38,66618,Petrol,Individual,Manual,0
Hyundai Verna,2012,4.52,14.17,60078,Petrol,Individual,Manual,3
Toyota Etios,2012,2.53,7.11,75625,Diesel,Individual,Manual,0
Honda City,2012,6.18,13.26,47539,Petrol,Dealer,Manual,0
Volkswagen Polo,2012,2.65,7.08,63896,Petrol,Individual,Manual,0
Renault Kwid,2012,1.36,3.53,78936,Diesel,Individual,Automatic,0
Toyota Etios,2012,5.0,9.11,64439,Diesel,Dealer,Automatic,0
Hyundai Creta,2012,7.39,18.57,75427,Petrol,Individual,Manual,0
Hyundai Verna,2012,5.2,13.5,52143,Petrol,Dealer,Manual,0
Maruti Ciaz,2012,4.4,10.45,89233,Diesel,Individual,Manual,0
Renault Duster,2012,4.67,12.02,77780,Petrol,Dealer,Manual,0
BMW 3 Series,2012,25.03,60.0,76045,Petrol,Individual,Manual,0
Renault Duster,2012,3.95,11.95,66379,CNG,Individual,Manual,2
Ford EcoSport,2012,3.99,9.68,61321,Diesel,Individual,Automatic,0
BMW 3 Series,2012,21.26,60.0,73802,Petrol,Individual,Manual,0
Nissan Micra,2012,2.61,6.11,50011,Petrol,Individual,Manual,0
Maruti Baleno,2012,3.1,7.47,63291,Petrol,Dealer,Manual,1
Mercedes C-Class,2012,19.67,60.0,77255,Diesel,Individual,Manual,2
Hyundai Creta,2012,8.22,20.37,49755,Petrol,Individual,Manual,0
Honda City,2012,4.45,13.09,51934,Petrol,Individual,Manual,0
Maruti Wagon R,2012,2.66,5.38,85445,Diesel,Dealer,Automatic,1
Honda Jazz,2012,3.02,8.48,82317,Petrol,Dealer,Manual,1
Volkswagen Vento,2012,4.9,12.34,63710,Petrol,Dealer,Manual,1
Mahindra Scorpio,2012,7.54,18.46,75423,Petrol,Dealer,Manual,0
Audi A4,2012,25.96,60.0,66088,Diesel,Dealer,Manual,1
Honda City,2012,5.74,12.61,49626,Diesel,Dealer,Manual,0
Mahindra Scorpio,2012,9.82,22.08,66413,Diesel,Dealer,Manual,1
Toyota Innova,2012,12.55,30.69,70844,Petrol,Individual,Automatic,0
Mahindra Bolero,2012,3.26,11.13,78302,CNG,Individual,Manual,1
Toyota Innova,2012,14.31,31.85,69488,Petrol,Dealer,Manual,0
Maruti Alto,2012,1.34,3.61,46624,Diesel,Individual,Manual,0
Volkswagen Vento,2012,4.13,12.03,79312,Petrol,Dealer,Manual,0
Tata Harrier,2012,9.15,24.88,72314,Petrol,Individual,Manual,1
Volkswagen Vento,2012,4.15,11.44,74302,Diesel,Individual,Manual,2
Ford Figo,2012,2.0,5.35,83566,Diesel,Individual,Manual,0
BMW 3 Series,2012,22.41,60.0,86883,Petrol,Individual,Manual,0
Toyota Etios,2012,2.55,7.82,77078,Petrol,Individual,Manual,1
Volkswagen Polo,2012,3.3,7.9,55664,Petrol,Individual,Manual,0
Hyundai Creta,2012,6.64,21.77,69498,Petrol,Individual,Manual,3
Mahindra Scorpio,2012,7.86,18.29,65992,Diesel,Individual,Manual,0
Maruti Alto,2012,1.47,3.64,69679,Petrol,Dealer,Manual,0
Maruti Baleno,2012,2.73,6.71,56184,Petrol,Dealer,Automatic,0
Renault Kwid,2012,1.52,3.89,52653,Petrol,Dealer,Manual,0
Honda Amaze,2012,3.06,7.43,70677,Petrol,Dealer,Automatic,0
Ford Figo,2012,2.07,5.23,85049,Petrol,Dealer,Manual,0
Renault Duster,2012,5.61,11.46,79773,Diesel,Dealer,Automatic,0
Maruti Ciaz,2012,4.67,11.61,78878,Petrol,Dealer,Manual,0
Honda Amaze,2012,2.65,7.15,88346,Petrol,Dealer,Manual,2
Maruti Ciaz,2012,3.93,9.55,72237,Petrol,Individual,Manual,0
Renault Kwid,2012,1.76,4.16,80335,Petrol,Individual,Manual,0
Mahindra XUV500,2012,8.03,22.71,63426,Petrol,Dealer,Manual,1
Mahindra Scorpio,2012,6.44,18.36,63588,Diesel,Individual,Manual,2
Renault Kwid,2012,1.57,3.71,67831,Diesel,Dealer,Manual,0
Mercedes C-Class,2012,22.35,60.0,57620,Petrol,Dealer,Manual,3
Maruti Vitara Brezza,2012,4.24,10.69,53768,Petrol,Individual,Manual,0
Toyota Fortuner,2012,26.38,60.0,54064,Petrol,Dealer,Manual,0
Mahindra Bolero,2012,4.28,11.11,87791,Petrol,Individual,Manual,0
Maruti Baleno,2012,2.57,8.17,62038,Petrol,Individual,Manual,0
Mahindra Scorpio,2012,8.58,17.97,48894,Diesel,Dealer,Automatic,0
Volkswagen Polo,2012,2.5,7.27,80178,Diesel,Individual,Manual,2
Tata Nexon,2012,3.55,9.48,80464,Diesel,Individual,Manual,0
Ford Figo,2012,2.17,5.6,61543,Petrol,Individual,Manual,0
Maruti Swift,2012,2.31,5.52,60185,Petrol,Dealer,Manual,0
Tata Nexon,2012,5.3,11.82,52800,Petrol,Dealer,Manual,0
Volkswagen Polo,2012,3.14,7.77,73833,Petrol,Individual,Manual,0
Mahindra Bolero,2012,4.56,10.54,57265,Petrol,Dealer,Manual,0
Maruti Baleno,2012,2.97,8.3,65888,Petrol,Individual,Manual,0
Maruti Ciaz,2012,3.18,9.89,94549,Diesel,Individual,Manual,0
Mahindra XUV500,2012,6.83,19.82,50672,Petrol,Individual,Manual,0
Hyundai i10,2012,1.44,4.53,81338,Petrol,Individual,Manual,2
Maruti Vitara Brezza,2012,3.5,9.55,96691,Diesel,Dealer,Manual,2
Ford EcoSport,2012,3.96,9.24,71107,Diesel,Dealer,Manual,0
Tata Tiago,2012,1.85,5.06,70915,Petrol,Individual,Automatic,0
Mahindra Scorpio,2012,7.82,20.33,69167,Petrol,Dealer,Manual,0
Mercedes C-Class,2012,19.23,60.0,90388,Petrol,Individual,Manual,0
Renault Kwid,2012,1.61,4.05,68406,Petrol,Dealer,Manual,0
Renault Kwid,2012,1.34,3.61,71406,Petrol,Individual,Manual,0
Mercedes C-Class,2012,22.73,60.0,79845,Diesel,Individual,Manual,1
Hyundai Venue,2012,4.69,11.3,76064,Diesel,Individual,Manual,0
Maruti Swift,2012,3.17,6.52,43638,Petrol,Individual,Manual,1
Honda Jazz,2012,3.1,7.39,56552,Petrol,Dealer,Manual,0
Maruti Baleno,2012,3.64,7.91,60914,Petrol,Dealer,Automatic,0
Maruti Vitara Brezza,2012,4.6,11.09,70062,Petrol,Dealer,Manual,0
Skoda Rapid,2012,4.21,11.82,67420,Diesel,Individual,Manual,0
Honda Jazz,2012,3.46,8.32,85217,Petrol,Dealer,Manual,0
Hyundai i20,2012,3.1,7.27,37867,Petrol,Individual,Manual,0
Toyota Fortuner,2012,21.92,58.99,58077,Petrol,Individual,Manual,0
Maruti Alto,2012,1.38,3.85,74580,Diesel,Dealer,Manual,2
Hyundai Verna,2012,4.8,12.13,64616,Petrol,Individual,Automatic,1
Hyundai Creta,2012,6.74,19.74,39991,CNG,Individual,Manual,3
Audi A4,2012,23.06,60.0,57570,Petrol,Individual,Manual,0
Ford EcoSport,2012,2.86,7.77,70294,Diesel,Individual,Manual,0
Ford EcoSport,2012,3.04,8.43,64088,Petrol,Individual,Manual,1
Volkswagen Polo,2012,2.96,7.57,69133,Diesel,Individual,Manual,0
Maruti Wagon R,2012,1.78,5.21,67563,Petrol,Individual,Manual,0
Mahindra XUV500,2012,7.72,20.55,51909,Petrol,Individual,Manual,0
Maruti Ciaz,2012,4.07,11.42,80931,Petrol,Dealer,Manual,2
Mahindra Bolero,2012,4.28,11.24,87221,Petrol,Dealer,Manual,0
Toyota Innova,2012,11.25,29.37,93698,Petrol,Dealer,Manual,1
Maruti Vitara Brezza,2012,3.75,10.04,82021,Petrol,Individual,Manual,0
Ford Figo,2012,2.02,5.89,90938,Diesel,Individual,Manual,2
Ford Figo,2012,2.42,5.45,88241,Petrol,Individual,Automatic,0
Nissan Micra,2012,2.74,6.51,60764,Petrol,Dealer,Manual,0
Ford EcoSport,2012,3.86,8.38,53129,Diesel,Dealer,Manual,0
Ford Figo,2012,1.85,5.22,57166,Petrol,Individual,Manual,1
Hyundai i10,2012,2.21,4.83,42331,Diesel,Individual,Automatic,0
Skoda Rapid,2012,4.17,10.97,50073,Diesel,Individual,Manual,1
Hyundai Verna,2012,5.88,13.08,79316,Diesel,Dealer,Manual,0
Maruti Wagon R,2012,2.02,5.03,79187,Diesel,Dealer,Manual,0
Maruti Baleno,2012,3.01,7.77,79544,Petrol,Dealer,Manual,0
Mahindra XUV500,2012,9.44,22.25,67237,Diesel,Individual,Manual,0
Honda Amaze,2012,3.57,7.81,77698,Diesel,Dealer,Manual,0
Volkswagen Polo,2012,2.37,6.76,71796,Petrol,Individual,Manual,0
Mahindra XUV500,2012,9.69,24.04,69883,Petrol,Individual,Automatic,2
Toyota Innova,2012,9.7,24.61,75330,Petrol,Individual,Manual,0
Nissan Micra,2012,2.15,5.37,87640,Diesel,Individual,Manual,0
Hyundai i20,2012,2.81,7.95,80265,Diesel,Individual,Manual,0
Tata Nexon,2012,3.5,10.33,74939,CNG,Individual,Manual,0
Maruti Ciaz,2012,4.26,10.44,70979,Petrol,Dealer,Manual,0
Hyundai Venue,2012,5.51,11.51,44146,Diesel,Dealer,Manual,0
Mahindra XUV500,2012,9.92,22.86,49009,Petrol,Individual,Automatic,0
Skoda Rapid,2012,4.08,11.9,86623,Petrol,Individual,Manual,2
Hyundai i20,2012,2.76,7.27,88348,Petrol,Individual,Manual,0
Maruti Vitara Brezza,2012,3.35,9.1,58616,Diesel,Individual,Manual,2
Maruti Baleno,2012,3.63,8.43,54574,Petrol,Individual,Manual,0
Ford EcoSport,2012,3.6,9.74,63845,Petrol,Individual,Manual,0
Audi A4,2012,24.06,60.0,80953,Petrol,Dealer,Manual,0
Mahindra Scorpio,2012,7.55,17.98,50273,Diesel,Individual,Manual,0
Renault Duster,2012,4.36,11.39,73064,CNG,Dealer,Manual,0
Maruti Wagon R,2012,2.12,4.8,57981,Petrol,Dealer,Manual,0
Mahindra XUV500,2012,8.42,25.5,56287,Petrol,Individual,Manual,0
Mercedes C-Class,2012,21.85,60.0,68689,Petrol,Individual,Manual,1
Audi A4,2012,25.56,60.0,62277,Diesel,Individual,Manual,0
Honda Jazz,2012,2.97,9.05,91735,Petrol,Individual,Automatic,0
Honda Amaze,2012,2.94,7.5,93705,Petrol,Individual,Manual,0
Mahindra Bolero,2012,4.91,11.62,66933,Petrol,Individual,Automatic,0
Mahindra Scorpio,2012,7.35,19.08,84603,Petrol,Individual,Manual,0
Mercedes C-Class,2012,26.24,60.0,61863,Diesel,Dealer,Automatic,0
Nissan Micra,2011,2.06,5.16,42507,Diesel,Dealer,Manual,0
Hyundai i10,2011,1.42,4.28,97219,Petrol,Dealer,Manual,0
Renault Duster,2011,3.87,11.33,57804,Petrol,Individual,Manual,0
Maruti Alto,2011,1.4,3.74,79658,Diesel,Individual,Manual,0
Volkswagen Polo,2011,2.7,7.33,71325,Petrol,Dealer,Manual,0
Ford Figo,2011,2.18,6.36,102013,Petrol,Individual,Manual,0
Honda City,2011,3.57,12.73,93201,Petrol,Individual,Manual,1
Maruti Vitara Brezza,2011,3.24,9.12,85892,Petrol,Dealer,Manual,0
BMW 3 Series,2011,23.28,60.0,86107,Diesel,Individual,Manual,0
Tata Nexon,2011,3.68,9.96,85886,Diesel,Dealer,Manual,0
Mahindra XUV500,2011,7.92,22.04,53414,Diesel,Individual,Manual,0
Hyundai Venue,2011,3.94,12.3,83335,Petrol,Individual,Manual,1
Mahindra XUV500,2011,7.52,22.6,81415,Petrol,Individual,Manual,0
Honda Amaze,2011,2.7,7.91,61541,Petrol,Dealer,Manual,0
Honda Amaze,2011,2.18,7.56,81775,Diesel,Individual,Manual,1
Tata Nexon,2011,4.37,11.09,83362,Diesel,Dealer,Manual,0
Tata Harrier,2011,9.26,23.98,46751,Petrol,Dealer,Manual,1
Audi A4,2011,17.51,60.0,101153,Petrol,Individual,Manual,2
Hyundai Venue,2011,3.37,10.11,64458,Petrol,Individual,Manual,0
Mahindra Bolero,2011,3.89,10.84,76623,Petrol,Dealer,Manual,0
Volkswagen Vento,2011,4.83,12.53,53554,Diesel,Individual,Manual,0
Volkswagen Vento,2011,3.32,10.57,61564,Petrol,Individual,Manual,0
Ford Figo,2011,1.99,5.42,58026,Diesel,Individual,Manual,0
Hyundai i20,2011,3.19,7.26,56124,Diesel,Dealer,Manual,0
Maruti Vitara Brezza,2011,3.94,9.2,56750,Diesel,Individual,Manual,0
Toyota Innova,2011,9.51,28.6,102669,Petrol,Individual,Manual,0
Mahindra Bolero,2011,3.37,9.96,88851,Petrol,Individual,Manual,1
Audi A4,2011,21.06,60.0,65731,Petrol,Individual,Manual,0
Honda Jazz,2011,3.56,9.4,64478,Petrol,Dealer,Manual,0
Toyota Etios,2011,3.27,8.11,51092,Diesel,Individual,Automatic,0
Tata Harrier,2011,9.13,28.41,81950,Petrol,Individual,Manual,1
Volkswagen Polo,2011,3.37,7.73,56006,Petrol,Dealer,Manual,0
Tata Nexon,2011,3.86,11.2,86527,Petrol,Dealer,Manual,0
Honda City,2011,4.9,13.14,83448,Diesel,Individual,Manual,0
Mahindra XUV500,2011,7.92,22.84,94373,Petrol,Individual,Manual,0
Maruti Vitara Brezza,2011,2.67,8.92,101886,Diesel,Individual,Manual,1
Mahindra XUV500,2011,9.31,21.05,58058,Petrol,Dealer,Manual,0
Hyundai i10,2011,1.4,4.58,91693,CNG,Dealer,Manual,0
Mahindra Scorpio,2011,7.96,19.97,63408,Petrol,Individual,Manual,0
Skoda Rapid,2011,3.92,9.67,53041,Petrol,Individual,Automatic,0
Audi A4,2011,18.21,60.0,70570,Petrol,Individual,Manual,1
Toyota Etios,2011,2.85,7.34,76508,Diesel,Individual,Automatic,1
Tata Harrier,2011,7.77,26.27,94050,Petrol,Individual,Manual,2
Renault Kwid,2011,1.23,3.69,61827,CNG,Individual,Manual,0
Skoda Rapid,2011,3.19,9.75,81012,Petrol,Individual,Manual,1
Hyundai Creta,2011,8.13,22.67,73452,CNG,Dealer,Manual,0
Hyundai Verna,2011,4.5,12.22,54954,Diesel,Individual,Manual,0
Toyota Etios,2011,2.8,8.69,71377,Petrol,Individual,Manual,0
Mahindra Bolero,2011,3.94,9.68,55269,Petrol,Dealer,Manual,0
Hyundai Creta,2011,6.47,17.0,79392,Diesel,Dealer,Manual,1
Honda Amaze,2011,2.13,7.91,61603,Diesel,Individual,Manual,2
Maruti Swift,2011,2.58,7.26,87390,Petrol,Dealer,Manual,1
Hyundai Creta,2011,6.51,20.72,77375,Petrol,Individual,Manual,0
Tata Tiago,2011,1.62,5.24,84719,Diesel,Individual,Manual,2
Mahindra Scorpio,2011,7.11,19.38,101300,Diesel,Individual,Automatic,1
Maruti Baleno,2011,2.55,7.73,60600,Petrol,Individual,Manual,0
Tata Harrier,2011,9.69,25.09,72937,Petrol,Dealer,Manual,1
Mahindra Scorpio,2011,6.9,19.02,69774,Petrol,Individual,Manual,0
Tata Harrier,2011,7.09,22.79,106613,Diesel,Individual,Manual,0
Maruti Ciaz,2011,3.83,10.66,76533,Petrol,Individual,Manual,0
Honda Jazz,2011,2.69,8.57,70346,Petrol,Individual,Manual,1
Toyota Etios,2011,3.04,8.19,89541,Petrol,Individual,Manual,0
BMW 3 Series,2011,24.92,60.0,61338,Petrol,Dealer,Manual,0
Maruti Vitara Brezza,2011,2.95,10.32,52503,Diesel,Individual,Manual,0
Tata Tiago,2011,1.78,5.22,98125,Petrol,Dealer,Manual,1
Honda Amaze,2011,3.32,8.25,61881,Petrol,Dealer,Manual,0
Skoda Rapid,2011,3.39,9.5,90722,Petrol,Dealer,Manual,0
Audi A4,2011,21.28,60.0,66557,Petrol,Individual,Manual,0
Hyundai i20,2011,2.61,7.6,90875,Petrol,Dealer,Automatic,0
Tata Nexon,2011,3.39,10.85,62818,Petrol,Individual,Manual,0
Honda City,2011,4.59,12.74,94809,Diesel,Individual,Manual,0
Maruti Alto,2011,1.24,3.42,78632,Petrol,Individual,Manual,1
Tata Nexon,2011,3.7,10.27,78254,Petrol,Individual,Manual,0
Ford Figo,2011,1.91,4.96,55469,Petrol,Dealer,Manual,0
Tata Harrier,2011,8.83,25.32,83908,Diesel,Individual,Manual,0
Hyundai Venue,2011,3.45,10.51,80398,Petrol,Individual,Automatic,0
Toyota Etios,2011,2.87,8.05,64743,Petrol,Dealer,Manual,0
Hyundai Creta,2011,8.53,22.02,95075,Diesel,Dealer,Manual,0
Skoda Rapid,2011,3.56,10.32,63031,Petrol,Individual,Automatic,2
Maruti Ciaz,2011,2.96,9.26,72322,Diesel,Individual,Manual,0
Maruti Vitara Brezza,2011,3.45,10.04,63779,Diesel,Individual,Manual,1
Maruti Swift,2011,2.78,6.94,43797,Petrol,Individual,Manual,0
Maruti Vitara Brezza,2011,3.2,8.85,61076,Petrol,Individual,Manual,0
Mahindra Bolero,2011,3.34,10.16,83179,Petrol,Individual,Manual,0
Ford EcoSport,2011,2.98,9.45,82188,CNG,Individual,Manual,0
Hyundai i20,2011,2.26,6.31,96225,Diesel,Dealer,Manual,1
Toyota Etios,2011,2.78,8.05,79385,Petrol,Individual,Manual,1
Mercedes C-Class,2011,18.47,60.0,79269,Petrol,Dealer,Manual,2
Volkswagen Polo,2011,2.69,7.2,51282,Diesel,Individual,Automatic,0
Mahindra XUV500,2011,7.57,22.84,84839,Petrol,Dealer,Manual,0
Hyundai Creta,2011,7.71,20.88,74438,Petrol,Dealer,Manual,0
Mercedes C-Class,2011,19.39,60.0,62640,Petrol,Individual,Manual,0
Toyota Etios,2011,2.75,7.9,48437,Petrol,Individual,Manual,1
Tata Nexon,2011,4.12,10.29,66409,CNG,Individual,Automatic,0
Mercedes C-Class,2011,18.36,60.0,88604,Petrol,Individual,Manual,1
Toyota Innova,2011,10.58,32.13,61258,Petrol,Individual,Manual,0
Audi A4,2011,22.42,60.0,55139,Petrol,Individual,Manual,0
Maruti Alto,2011,0.85,3.39,92956,Petrol,Individual,Manual,1
Hyundai i20,2011,2.81,8.21,102976,Petrol,Individual,Manual,0
Audi A4,2011,20.0,60.0,99025,Diesel,Dealer,Manual,0
Toyota Innova,2011,9.87,29.4,93795,Petrol,Individual,Manual,0
Tata Harrier,2011,8.73,25.56,93567,Diesel,Individual,Manual,0
Renault Kwid,2011,1.29,4.08,65903,Petrol,Individual,Manual,2
Toyota Etios,2011,2.96,8.41,93100,Petrol,Individual,Manual,0
Mercedes C-Class,2011,19.25,60.0,85893,Diesel,Individual,Manual,0
Renault Duster,2011,4.23,11.62,64853,Diesel,Dealer,Manual,0
Maruti Swift,2011,2.67,6.85,72260,Diesel,Individual,Manual,0
Toyota Etios,2011,2.16,6.4,93477,Diesel,Individual,Manual,0
Skoda Rapid,2011,3.27,10.2,63896,Petrol,Dealer,Manual,3
Toyota Innova,2011,6.7,25.08,81177,Petrol,Individual,Manual,1
Renault Kwid,2011,1.31,3.41,58057,Diesel,Individual,Manual,0
Hyundai Creta,2011,9.13,20.81,59889,Petrol,Dealer,Manual,0
BMW 3 Series,2011,16.83,60.0,91849,Petrol,Individual,Manual,1
Hyundai i20,2011,2.44,7.37,101772,Petrol,Individual,Manual,0
Mahindra Scorpio,2011,6.68,17.95,91787,Diesel,Dealer,Manual,0
Renault Kwid,2011,1.4,4.01,85095,Petrol,Individual,Manual,1
Maruti Vitara Brezza,2011,3.07,8.48,81718,Petrol,Individual,Automatic,0
Renault Kwid,2011,1.63,4.23,93279,Petrol,Dealer,Manual,0
Maruti Vitara Brezza,2011,3.05,8.82,85616,Diesel,Individual,Manual,0
Toyota Etios,2011,2.99,8.5,66818,Diesel,Individual,Manual,0
Toyota Fortuner,2011,19.86,60.0,57754,Petrol,Dealer,Manual,1
BMW 3 Series,2011,21.26,60.0,59529,Petrol,Dealer,Manual,0
Maruti Wagon R,2011,1.79,4.96,81712,Diesel,Dealer,Manual,1
Toyota Innova,2011,11.0,28.3,66849,Petrol,Individual,Automatic,0
Volkswagen Vento,2011,4.61,12.26,87113,Petrol,Dealer,Manual,0
Toyota Innova,2011,10.21,29.05,90694,Petrol,Individual,Automatic,0
Hyundai i20,2011,2.97,8.24,96560,Diesel,Dealer,Manual,1
Mahindra XUV500,2011,8.14,23.15,65238,Diesel,Dealer,Manual,0
Renault Duster,2011,3.6,11.43,84694,Petrol,Dealer,Manual,0
Hyundai Creta,2011,7.07,21.09,83155,Diesel,Individual,Manual,1
BMW 3 Series,2011,20.75,60.0,56945,Petrol,Individual,Manual,0
Renault Kwid,2011,1.22,3.42,94248,Petrol,Dealer,Manual,0
Renault Kwid,2011,1.45,4.3,47283,Petrol,Individual,Manual,1
Renault Duster,2011,4.28,10.48,50088,Diesel,Dealer,Automatic,1
Skoda Rapid,2011,5.04,11.57,48864,Petrol,Individual,Manual,0
Renault Duster,2011,3.95,12.14,78998,Diesel,Individual,Manual,0
Ford Figo,2011,1.66,4.65,77677,Petrol,Dealer,Manual,0
Hyundai Venue,2011,3.77,10.98,78484,Petrol,Individual,Manual,1
Audi A4,2011,20.5,60.0,68235,Diesel,Dealer,Manual,2
Renault Kwid,2011,1.28,3.7,68869,Petrol,Individual,Manual,0
Tata Tiago,2011,1.74,5.6,98005,Diesel,Individual,Manual,0
Renault Duster,2011,4.06,11.56,65823,Diesel,Dealer,Manual,0
Mahindra Scorpio,2011,6.12,18.84,63576,Petrol,Dealer,Manual,3
Honda City,2011,5.09,13.77,58835,Petrol,Dealer,Manual,1
Maruti Vitara Brezza,2011,3.12,8.67,60095,Diesel,Individual,Manual,0
BMW 3 Series,2011,22.77,60.0,61012,Diesel,Dealer,Manual,1
Tata Nexon,2011,3.9,10.33,86767,Diesel,Individual,Manual,0
Ford Figo,2011,1.48,4.82,93162,Petrol,Dealer,Manual,2
Mahindra Scorpio,2011,7.75,21.15,84886,Diesel,Dealer,Manual,0
Hyundai i20,2011,2.44,7.85,86803,Diesel,Individual,Manual,0
Renault Kwid,2011,1.83,4.53,100253,Diesel,Dealer,Manual,0
Toyota Fortuner,2011,18.8,60.0,69315,Diesel,Individual,Manual,0
Hyundai i20,2011,3.4,8.85,59316,Petrol,Dealer,Manual,0
Mahindra XUV500,2011,8.37,21.37,61726,Petrol,Dealer,Manual,1
Maruti Vitara Brezza,2011,2.82,8.05,58590,Diesel,Individual,Manual,0
Honda City,2011,4.71,14.24,64136,Petrol,Dealer,Manual,2
Volkswagen Vento,2011,4.47,12.64,65188,Petrol,Dealer,Manual,0
Maruti Alto,2011,0.9,2.65,51429,Petrol,Individual,Automatic,1
Hyundai Verna,2011,5.93,13.65,95241,Diesel,Dealer,Automatic,1
Mahindra Bolero,2011,4.69,11.46,78934,Petrol,Dealer,Automatic,0
Renault Duster,2011,4.3,12.46,97016,Diesel,Individual,Manual,0
Honda City,2011,5.07,13.95,69586,Diesel,Individual,Manual,0
Volkswagen Vento,2011,5.51,12.11,54579,Petrol,Dealer,Automatic,0
BMW 3 Series,2011,21.62,60.0,55581,Diesel,Individual,Manual,0
Maruti Wagon R,2011,2.02,5.76,87428,Petrol,Individual,Manual,0
Volkswagen Vento,2011,4.04,12.91,94741,Diesel,Individual,Manual,0
Maruti Vitara Brezza,2011,2.81,8.94,75055,CNG,Individual,Manual,1
Skoda Rapid,2011,3.34,9.66,98934,Diesel,Dealer,Manual,1
Mahindra XUV500,2011,10.73,26.93,51613,Petrol,Dealer,Automatic,0
Maruti Alto,2011,1.3,3.77,78201,Petrol,Individual,Automatic,0
Toyota Etios,2011,2.73,8.25,75723,Petrol,Individual,Manual,0
Maruti Swift,2011,2.7,7.29,68920,Diesel,Individual,Automatic,0
Maruti Vitara Brezza,2011,3.18,8.58,87520,Petrol,Dealer,Automatic,2
Maruti Baleno,2011,2.45,7.59,76590,Diesel,Individual,Manual,0
Volkswagen Vento,2011,3.73,11.16,100143,Petrol,Individual,Automatic,0
Maruti Alto,2011,1.55,3.69,55701,Petrol,Dealer,Automatic,0
Tata Nexon,2011,3.15,9.73,92853,Petrol,Dealer,Manual,0
Maruti Vitara Brezza,2011,3.59,9.86,84011,Petrol,Individual,Automatic,0
Tata Tiago,2011,2.09,5.52,61144,Diesel,Dealer,Manual,0
Ford Figo,2011,1.83,5.18,59977,Diesel,Individual,Manual,0
Hyundai i10,2011,1.28,4.17,64835,Diesel,Individual,Manual,0
Mahindra XUV500,2011,9.37,25.1,65691,Petrol,Individual,Automatic,0
Hyundai Creta,2011,6.38,19.88,99502,Diesel,Individual,Manual,0
Honda City,2011,5.25,13.02,73681,Petrol,Dealer,Automatic,0
Tata Tiago,2011,2.06,5.0,54857,Diesel,Dealer,Manual,0
Renault Duster,2011,4.46,13.38,60638,Diesel,Individual,Manual,0
Mahindra Scorpio,2011,7.01,21.72,101666,Petrol,Individual,Manual,0
Hyundai Venue,2011,4.18,11.2,87169,Diesel,Dealer,Manual,0
Tata Nexon,2011,4.24,11.69,90286,Petrol,Dealer,Manual,0
Mahindra Scorpio,2011,8.16,20.1,71804,Diesel,Individual,Automatic,0
Maruti Alto,2011,1.22,3.53,71861,Diesel,Individual,Manual,1
Honda Jazz,2011,3.28,7.79,55377,Petrol,Dealer,Manual,0
Ford EcoSport,2011,3.07,8.86,77296,Diesel,Individual,Manual,0
Honda City,2011,5.3,14.57,82536,Diesel,Dealer,Manual,0
Hyundai i10,2011,1.39,4.09,74095,Diesel,Individual,Manual,1
Honda Jazz,2011,3.8,9.5,60335,Diesel,Individual,Manual,0
Tata Harrier,2011,10.63,24.89,46276,Diesel,Individual,Automatic,0
Maruti Ciaz,2011,2.65,9.63,69014,Petrol,Individual,Manual,3
Tata Tiago,2011,1.68,4.97,70325,Petrol,Individual,Manual,0
Mahindra Scorpio,2011,5.05,16.7,96201,Diesel,Individual,Manual,0
Volkswagen Vento,2011,3.96,11.99,87216,Diesel,Individual,Manual,0
Maruti Vitara Brezza,2011,3.29,8.99,79646,Diesel,Individual,Manual,0
Ford EcoSport,2011,3.56,10.06,65293,Petrol,Dealer,Manual,2
BMW 3 Series,2011,17.66,60.0,81005,Diesel,Individual,Manual,2
Hyundai Verna,2011,4.53,13.08,95391,Diesel,Individual,Automatic,1
BMW 3 Series,2011,22.74,60.0,64924,Petrol,Dealer,Manual,0
Volkswagen Vento,2011,4.87,12.88,68367,Petrol,Dealer,Manual,0
Mahindra Bolero,2011,2.74,8.97,89749,Petrol,Individual,Manual,0
Hyundai i20,2011,2.55,7.18,77077,Petrol,Individual,Manual,0
Renault Duster,2011,3.8,11.57,58779,Petrol,Individual,Automatic,1
Hyundai Venue,2011,4.09,10.19,56227,Petrol,Individual,Automatic,1
Hyundai Venue,2011,4.58,11.37,55658,Petrol,Dealer,Manual,0
Hyundai i20,2011,2.21,6.03,75876,Petrol,Individual,Automatic,0
Hyundai i10,2011,1.48,4.8,57546,Petrol,Dealer,Manual,2
Mahindra Bolero,2011,3.5,9.19,63846,Petrol,Individual,Automatic,0
Honda Jazz,2011,3.18,9.31,95339,Diesel,Dealer,Manual,0
Maruti Ciaz,2011,3.93,11.8,66044,Petrol,Individual,Manual,0
Renault Duster,2011,3.99,11.31,86311,Petrol,Individual,Manual,0
Skoda Rapid,2011,3.81,9.8,60877,Diesel,Individual,Manual,0
Ford Figo,2011,2.42,5.99,49931,Diesel,Individual,Manual,0
Audi A4,2011,20.83,60.0,78560,Petrol,Individual,Manual,0
Ford EcoSport,2011,3.06,8.91,71693,Diesel,Individual,Manual,0
Renault Duster,2011,3.77,11.38,82137,Petrol,Dealer,Manual,2
Honda Jazz,2011,3.17,8.94,80933,Petrol,Individual,Manual,0
Volkswagen Vento,2011,4.59,11.88,80484,Petrol,Dealer,Manual,0
Skoda Rapid,2011,3.48,9.79,64968,Petrol,Individual,Manual,0
Mahindra Scorpio,2011,6.81,19.84,79035,Petrol,Dealer,Manual,2
Hyundai i10,2011,2.0,4.71,60227,Petrol,Dealer,Manual,0
Maruti Baleno,2011,2.02,7.84,93969,Petrol,Individual,Manual,0
Hyundai Creta,2011,6.64,21.25,72395,Petrol,Individual,Manual,1
Hyundai Verna,2011,5.56,15.0,91619,Diesel,Dealer,Manual,2
Maruti Alto,2011,1.28,4.01,59858,Petrol,Individual,Manual,1
Toyota Innova,2011,13.23,33.09,79831,Petrol,Dealer,Manual,0
Maruti Vitara Brezza,2011,3.13,9.13,61071,CNG,Individual,Manual,0
Maruti Alto,2011,1.22,3.22,81405,Diesel,Individual,Manual,0
Maruti Baleno,2011,2.72,7.84,59576,Petrol,Dealer,Manual,0
Hyundai Verna,2011,4.77,14.57,48712,Petrol,Individual,Manual,1
Maruti Wagon R,2011,1.4,4.7,87434,Petrol,Individual,Manual,0
Ford Figo,2011,1.88,5.34,56954,Petrol,Individual,Manual,0
Mahindra Bolero,2011,4.16,10.71,90389,Petrol,Dealer,Manual,0
Maruti Vitara Brezza,2011,3.12,9.6,69011,Diesel,Individual,Manual,0
Volkswagen Vento,2011,3.82,12.12,75906,Petrol,Individual,Manual,1
Mercedes C-Class,2011,18.18,60.0,83569,Petrol,Individual,Manual,0
Mercedes C-Class,2011,22.23,60.0,46788,Diesel,Individual,Manual,1
Tata Nexon,2011,4.03,11.0,72385,Diesel,Dealer,Manual,0
Hyundai Venue,2011,3.73,11.36,85981,CNG,Individual,Automatic,0
Renault Duster,2010,2.97,11.28,73599,CNG,Individual,Manual,1
BMW 3 Series,2010,17.64,60.0,76541,Diesel,Individual,Manual,0
Honda Jazz,2010,2.71,9.12,93898,Petrol,Dealer,Manual,1
Maruti Baleno,2010,2.7,8.07,52386,Petrol,Individual,Manual,0
Hyundai Verna,2010,3.76,12.29,72875,Petrol,Dealer,Manual,0
Maruti Vitara Brezza,2010,3.01,8.9,88571,Petrol,Dealer,Manual,0
Renault Kwid,2010,1.47,4.01,96182,Petrol,Individual,Automatic,0
Maruti Alto,2010,1.15,3.77,105203,Diesel,Individual,Manual,0
Skoda Rapid,2010,3.34,10.74,64985,Petrol,Individual,Manual,1
Hyundai Venue,2010,3.87,11.51,52799,Diesel,Individual,Automatic,0
Honda Jazz,2010,2.41,8.22,81088,Diesel,Individual,Manual,1
Maruti Vitara Brezza,2010,2.5,8.57,85170,Petrol,Individual,Manual,0
Hyundai Creta,2010,6.22,21.96,94774,Diesel,Individual,Manual,2
BMW 3 Series,2010,19.49,60.0,61781,Diesel,Individual,Manual,1
Nissan Micra,2010,1.42,5.18,80399,Diesel,Individual,Manual,1
Hyundai Venue,2010,3.14,10.43,73373,Petrol,Individual,Manual,0
Audi A4,2010,20.04,60.0,60155,Diesel,Individual,Manual,1
Maruti Baleno,2010,2.8,8.03,74914,Diesel,Individual,Manual,0
Volkswagen Vento,2010,3.6,13.76,72656,Diesel,Individual,Manual,3
Tata Harrier,2010,7.9,23.32,53362,Petrol,Dealer,Manual,0
Toyota Etios,2010,2.44,7.54,99666,Diesel,Individual,Automatic,1
Tata Tiago,2010,1.65,4.86,85650,Petrol,Dealer,Manual,0
Hyundai Creta,2010,6.64,20.38,75295,Diesel,Dealer,Manual,0
Honda City,2010,4.17,13.68,109084,Petrol,Individual,Manual,0
Tata Harrier,2010,6.97,23.84,86131,Petrol,Individual,Manual,0
Ford EcoSport,2010,3.22,10.61,103836,Petrol,Individual,Manual,0
Mahindra Bolero,2010,2.8,10.48,98805,CNG,Individual,Manual,0
Maruti Swift,2010,1.85,6.91,114561,Petrol,Individual,Manual,0
BMW 3 Series,2010,22.35,60.0,75966,Diesel,Dealer,Manual,0
Renault Kwid,2010,1.47,4.42,86491,Diesel,Dealer,Manual,0
Maruti Vitara Brezza,2010,3.43,9.71,70660,Diesel,Individual,Manual,0
Toyota Innova,2010,8.25,28.01,111993,Diesel,Dealer,Manual,0
Ford EcoSport,2010,2.56,8.72,96913,Petrol,Individual,Manual,1
Nissan Micra,2010,1.76,5.27,66202,Petrol,Individual,Manual,0
Audi A4,2010,15.79,60.0,69092,CNG,Individual,Manual,0
Honda Jazz,2010,3.56,9.81,66593,Petrol,Dealer,Manual,0
Maruti Baleno,2010,2.41,8.62,78591,Petrol,Individual,Manual,1
Audi A4,2010,22.39,60.0,64962,Diesel,Dealer,Manual,0
Maruti Baleno,2010,1.77,6.96,81157,Diesel,Individual,Manual,2
Honda City,2010,4.37,13.69,74728,Diesel,Dealer,Manual,2
Honda Jazz,2010,2.78,8.37,96927,Diesel,Dealer,Automatic,0
Volkswagen Vento,2010,4.34,12.14,91544,Diesel,Dealer,Manual,2
Mahindra Bolero,2010,3.68,10.64,63190,Petrol,Individual,Manual,0
Maruti Alto,2010,1.24,3.95,108979,Diesel,Individual,Manual,0
Maruti Alto,2010,1.08,3.68,75418,Petrol,Individual,Manual,0
Renault Duster,2010,3.55,12.11,90429,Petrol,Individual,Manual,1
Toyota Fortuner,2010,16.0,60.0,107841,Petrol,Individual,Manual,0
Maruti Swift,2010,2.1,6.62,93343,Diesel,Individual,Manual,0
Renault Duster,2010,2.5,10.42,79836,Petrol,Individual,Manual,2
Renault Duster,2010,4.09,11.93,50191,Petrol,Individual,Manual,0
Maruti Wagon R,2010,1.59,5.31,55712,CNG,Individual,Manual,0
Toyota Innova,2010,10.73,29.82,70283,Petrol,Dealer,Manual,0
Hyundai i20,2010,2.38,6.68,71434,Petrol,Individual,Automatic,0
Nissan Micra,2010,1.57,5.62,92032,Petrol,Individual,Manual,0
BMW 3 Series,2010,18.07,60.0,85046,Diesel,Individual,Manual,1
Honda Jazz,2010,2.83,8.45,62841,Petrol,Dealer,Manual,0
Renault Duster,2010,3.56,11.55,96378,Petrol,Dealer,Manual,0
Nissan Micra,2010,1.85,6.03,92883,Diesel,Individual,Manual,0
Maruti Swift,2010,1.85,6.34,98706,Petrol,Dealer,Manual,0
Maruti Alto,2010,1.22,3.79,60172,Petrol,Individual,Manual,0
Toyota Etios,2010,2.54,8.23,71057,Diesel,Individual,Manual,0
Hyundai Creta,2010,5.04,20.24,112563,CNG,Individual,Manual,2
Audi A4,2010,19.88,60.0,112612,CNG,Dealer,Automatic,0
Hyundai Creta,2010,5.81,22.88,96987,Petrol,Individual,Manual,0
Toyota Innova,2010,7.96,30.67,98798,Petrol,Individual,Manual,3
Skoda Rapid,2010,2.67,10.3,93452,Petrol,Individual,Manual,0
Tata Tiago,2010,1.73,5.23,60768,CNG,Individual,Manual,0
Ford Figo,2010,1.68,5.11,110163,Diesel,Dealer,Manual,0
Toyota Innova,2010,11.34,35.33,99687,Diesel,Dealer,Manual,0
Renault Kwid,2010,0.96,3.55,84940,Diesel,Individual,Manual,0
Toyota Innova,2010,9.75,29.33,94992,Petrol,Individual,Manual,0
Maruti Alto,2010,1.08,3.76,89652,Diesel,Individual,Manual,0
Maruti Ciaz,2010,3.74,12.1,75353,Diesel,Individual,Manual,0
Toyota Fortuner,2010,18.62,60.0,98269,Diesel,Dealer,Manual,2
Honda Amaze,2010,2.23,7.13,92545,Petrol,Individual,Manual,0
Honda Amaze,2010,1.86,7.31,89991,Diesel,Individual,Manual,1
Toyota Etios,2010,2.36,7.68,61154,Diesel,Individual,Manual,0
Mahindra Bolero,2010,3.39,9.9,81426,Petrol,Individual,Manual,0
Hyundai i20,2010,2.19,7.11,101662,Diesel,Individual,Manual,0
Maruti Swift,2010,1.66,6.35,95862,Petrol,Individual,Manual,1
Ford Figo,2010,1.9,5.98,70879,Petrol,Individual,Manual,1
Skoda Rapid,2010,3.59,11.96,79818,Petrol,Individual,Manual,0
Maruti Baleno,2010,2.37,8.77,117205,Petrol,Individual,Manual,0
Toyota Innova,2010,11.8,30.93,56556,Petrol,Individual,Manual,0
Maruti Ciaz,2010,3.54,10.48,57534,Petrol,Dealer,Manual,0
Ford EcoSport,2010,3.25,9.96,83950,Petrol,Individual,Manual,0
Maruti Vitara Brezza,2010,3.18,10.68,71090,Petrol,Individual,Manual,1
Volkswagen Vento,2010,3.71,12.29,56219,Diesel,Individual,Manual,0
Hyundai i10,2010,1.45,4.23,77609,Petrol,Dealer,Manual,0
Maruti Vitara Brezza,2010,2.32,8.93,105513,CNG,Individual,Manual,0
Tata Nexon,2010,2.77,9.18,72455,Petrol,Individual,Manual,1
Volkswagen Polo,2010,2.13,7.03,93262,Diesel,Individual,Manual,0
Maruti Baleno,2010,2.06,7.1,81771,Diesel,Individual,Manual,0
Toyota Etios,2010,2.38,7.94,80519,Petrol,Individual,Manual,0
Mercedes C-Class,2010,21.03,60.0,65239,Diesel,Individual,Manual,0
Renault Duster,2010,3.24,12.5,87323,Petrol,Individual,Manual,1
Tata Tiago,2010,1.42,4.38,54474,Petrol,Individual,Manual,1
Maruti Ciaz,2010,3.93,10.72,110529,Petrol,Dealer,Manual,0
Maruti Baleno,2010,2.41,7.52,95100,Petrol,Dealer,Automatic,0
Maruti Ciaz,2010,2.63,9.99,110056,Petrol,Individual,Manual,0
Honda City,2010,4.53,12.49,75206,Diesel,Individual,Automatic,0
BMW 3 Series,2010,22.24,60.0,72576,Diesel,Dealer,Manual,0
Honda Amaze,2010,2.26,7.62,95660,Diesel,Individual,Manual,0
Nissan Micra,2010,1.97,5.29,89204,Diesel,Dealer,Manual,0
Mercedes C-Class,2010,18.28,60.0,76566,Petrol,Individual,Manual,3
Tata Tiago,2010,1.68,5.25,103070,Petrol,Individual,Automatic,1
Mercedes C-Class,2010,17.68,60.0,97454,Diesel,Individual,Manual,0
Audi A4,2010,18.16,60.0,109289,Petrol,Dealer,Manual,0
Mercedes C-Class,2010,16.48,60.0,113551,Petrol,Dealer,Manual,0
Volkswagen Vento,2010,3.84,11.95,65313,Petrol,Individual,Manual,0
Renault Kwid,2010,1.17,4.19,87681,Petrol,Individual,Manual,0
Maruti Alto,2010,1.23,3.86,110471,Petrol,Individual,Manual,0
Volkswagen Vento,2010,4.16,11.98,74365,Petrol,Dealer,Manual,0
Hyundai Verna,2010,3.5,11.48,57405,CNG,Individual,Automatic,2
Mahindra XUV500,2010,7.69,25.74,83430,Petrol,Dealer,Manual,1
BMW 3 Series,2010,18.14,60.0,62244,Petrol,Individual,Manual,1
BMW 3 Series,2010,18.34,60.0,87778,Petrol,Individual,Manual,0
Maruti Wagon R,2010,1.77,5.63,95900,Diesel,Individual,Manual,0
Renault Kwid,2010,0.92,4.02,99628,Petrol,Individual,Manual,1
Skoda Rapid,2010,3.11,10.75,85642,Petrol,Individual,Manual,0
Hyundai Creta,2010,7.7,20.52,55492,Petrol,Dealer,Automatic,1
Skoda Rapid,2010,3.35,11.59,112800,Petrol,Individual,Manual,0
Honda Jazz,2010,2.58,8.52,93326,Petrol,Individual,Manual,0
Toyota Innova,2010,10.78,29.74,82139,Diesel,Dealer,Automatic,0
Renault Duster,2010,4.8,11.94,54908,Petrol,Dealer,Automatic,0
Volkswagen Polo,2010,2.47,7.38,70619,Petrol,Dealer,Manual,0
Mahindra Scorpio,2010,5.99,19.21,106504,Diesel,Individual,Manual,0
Hyundai i10,2010,1.23,3.81,97925,Petrol,Individual,Automatic,1
Mahindra Bolero,2010,2.93,10.47,82940,Petrol,Individual,Manual,0
Honda Jazz,2010,2.54,8.93,99533,Petrol,Individual,Manual,0
Tata Nexon,2010,3.38,10.38,84593,Diesel,Dealer,Manual,1
Ford Figo,2010,1.54,5.18,100237,Diesel,Individual,Manual,0
Skoda Rapid,2010,2.91,11.64,65208,Petrol,Individual,Manual,2
Toyota Innova,2010,8.55,26.29,67074,Diesel,Individual,Manual,0
Skoda Rapid,2010,3.11,11.26,78379,Diesel,Individual,Manual,1
Honda Amaze,2010,1.83,6.56,97210,Diesel,Individual,Manual,1
Tata Nexon,2010,3.78,10.77,54796,Diesel,Individual,Manual,1
Mercedes C-Class,2010,19.93,60.0,102713,Diesel,Individual,Manual,0
Toyota Innova,2010,10.81,30.8,103235,Diesel,Dealer,Manual,0
Mahindra XUV500,2010,8.23,25.18,83108,Petrol,Dealer,Manual,0
Honda City,2010,4.75,13.42,96593,Petrol,Dealer,Automatic,1
Nissan Micra,2010,1.66,5.13,80493,Petrol,Individual,Manual,0
Honda Amaze,2010,2.96,8.14,57180,Petrol,Dealer,Manual,0
Hyundai i10,2010,1.34,4.49,58532,Petrol,Individual,Manual,0
Maruti Wagon R,2010,1.53,4.74,78540,Petrol,Individual,Manual,0
Hyundai Venue,2010,3.75,12.07,104138,Petrol,Dealer,Manual,1
Audi A4,2010,19.29,60.0,91640,Petrol,Dealer,Manual,1
Honda Amaze,2010,2.51,8.88,96682,Petrol,Individual,Manual,0
Maruti Baleno,2010,2.23,7.59,115722,Diesel,Individual,Manual,0
Hyundai i10,2010,1.59,4.15,55740,Petrol,Individual,Automatic,0
Ford Figo,2010,1.7,5.55,90962,Petrol,Individual,Manual,0
Maruti Baleno,2010,2.6,7.84,79214,Diesel,Individual,Manual,0
Mahindra XUV500,2010,7.31,23.44,95336,Diesel,Dealer,Manual,0
Mahindra Bolero,2010,4.32,10.47,59021,Diesel,Dealer,Manual,0
Honda City,2010,3.62,13.2,98770,Petrol,Dealer,Manual,0
Mahindra XUV500,2010,6.09,21.98,74169,Diesel,Individual,Manual,0
Mahindra Bolero,2010,3.46,11.02,88486,Diesel,Individual,Manual,1
Maruti Swift,2010,2.03,6.32,56897,Diesel,Individual,Manual,0
Honda Amaze,2010,2.13,7.87,92824,Petrol,Individual,Manual,1
Mahindra Scorpio,2010,3.5,15.3,87670,CNG,Individual,Manual,1
Maruti Baleno,2010,2.85,8.78,72045,Diesel,Dealer,Manual,1
Maruti Ciaz,2010,3.55,11.83,72485,Petrol,Individual,Manual,0
Ford Figo,2010,1.41,4.91,101595,Petrol,Individual,Manual,0
Maruti Swift,2010,2.12,6.7,83381,Diesel,Individual,Manual,0
Hyundai Venue,2010,3.89,12.66,100329,Petrol,Individual,Manual,1
Mahindra XUV500,2010,7.77,23.87,71183,Petrol,Dealer,Manual,0
Toyota Innova,2010,9.14,32.42,62850,Petrol,Individual,Manual,1
Toyota Fortuner,2010,18.48,60.0,73383,Petrol,Dealer,Manual,1
Skoda Rapid,2010,2.71,9.31,115161,Diesel,Individual,Manual,1
BMW 3 Series,2010,17.1,60.0,94740,Petrol,Individual,Manual,1
Ford EcoSport,2010,2.69,9.24,94033,Petrol,Individual,Manual,2
Hyundai i20,2010,2.37,7.22,102775,Diesel,Dealer,Manual,0
Mahindra Scorpio,2010,6.5,18.5,98617,Diesel,Dealer,Manual,0
Tata Harrier,2010,7.58,24.21,100513,Petrol,Dealer,Manual,0
Hyundai i10,2010,1.44,4.44,79746,Petrol,Dealer,Manual,0
Hyundai i20,2010,2.16,7.41,82792,Petrol,Individual,Manual,1
Mercedes C-Class,2010,16.59,60.0,96511,CNG,Individual,Automatic,0
Skoda Rapid,2010,3.88,11.49,92924,Diesel,Individual,Automatic,0
Hyundai i10,2010,1.56,5.11,75600,Petrol,Individual,Manual,0
Honda Amaze,2010,2.87,7.82,64810,Diesel,Dealer,Manual,0
Mahindra XUV500,2010,5.54,21.11,60594,Petrol,Individual,Manual,3
Mahindra Bolero,2010,4.15,12.3,72826,Diesel,Dealer,Manual,0
Toyota Etios,2010,2.8,7.94,80447,Diesel,Dealer,Manual,1
Tata Harrier,2010,6.64,23.43,76520,Petrol,Individual,Manual,2
Volkswagen Polo,2010,1.77,6.75,60559,Petrol,Individual,Manual,3
Volkswagen Polo,2010,2.11,8.1,84964,Petrol,Individual,Manual,2
Renault Kwid,2010,1.42,3.97,54255,Petrol,Dealer,Manual,0
Skoda Rapid,2010,3.45,9.44,76220,Diesel,Individual,Manual,0
Maruti Baleno,2010,2.2,7.4,62746,Petrol,Dealer,Manual,2
Tata Harrier,2010,7.88,25.83,74422,Diesel,Individual,Manual,1
Hyundai i20,2010,2.92,7.64,57091,Diesel,Individual,Manual,0
Hyundai i10,2010,1.67,4.61,76924,Petrol,Individual,Manual,0
Hyundai i20,2010,1.99,7.22,112812,Petrol,Dealer,Manual,2
Tata Harrier,2010,6.86,24.11,107851,Petrol,Individual,Manual,0
Honda City,2010,4.1,13.76,69010,Diesel,Individual,Manual,0
Mahindra Scorpio,2010,5.43,18.79,90742,Diesel,Individual,Manual,0
Renault Duster,2010,3.43,11.97,81520,Petrol,Individual,Manual,3
Honda City,2010,4.5,15.87,71476,Petrol,Individual,Manual,1
Volkswagen Vento,2010,3.14,11.12,103669,Petrol,Individual,Manual,0
Audi A4,2010,16.98,60.0,98869,Petrol,Dealer,Manual,1
Tata Tiago,2010,1.86,5.36,95364,Diesel,Dealer,Manual,0
Hyundai Venue,2010,3.63,11.24,98663,Petrol,Dealer,Manual,0
Tata Tiago,2010,1.65,5.28,111432,Diesel,Individual,Manual,0
Ford EcoSport,2010,3.18,9.59,63116,Petrol,Dealer,Manual,0
Maruti Vitara Brezza,2010,2.91,11.15,92979,Petrol,Individual,Manual,0
Hyundai i10,2010,1.51,4.64,96755,Diesel,Individual,Manual,1
Volkswagen Polo,2010,2.53,8.15,74860,Petrol,Individual,Manual,0
Mahindra Bolero,2010,3.58,11.54,106208,Diesel,Dealer,Automatic,0
Maruti Baleno,2010,2.78,8.46,85449,Diesel,Individual,Manual,1
Maruti Wagon R,2010,1.73,4.65,75315,Petrol,Dealer,Manual,0
Hyundai Venue,2010,3.46,10.07,65146,Diesel,Individual,Manual,0
Tata Harrier,2010,6.83,22.62,106927,Petrol,Individual,Manual,0
Audi A4,2010,18.91,60.0,64147,Petrol,Individual,Manual,0
Maruti Wagon R,2010,1.68,4.67,67952,Petrol,Dealer,Manual,0
Maruti Baleno,2010,2.7,8.0,64699,Petrol,Individual,Manual,0
Tata Nexon,2010,2.68,11.42,93806,CNG,Individual,Manual,0
Volkswagen Polo,2010,2.3,7.15,62607,Petrol,Individual,Manual,0
Honda Jazz,2010,2.67,8.84,82130,Petrol,Individual,Manual,1
Maruti Alto,2010,1.13,3.8,102773,Petrol,Individual,Manual,0
Audi A4,2010,25.27,60.0,49667,Petrol,Dealer,Automatic,0
Honda City,2010,3.99,12.13,64391,Diesel,Individual,Manual,0
Ford EcoSport,2010,3.03,9.88,67504,Petrol,Individual,Automatic,0
Honda City,2010,4.27,14.24,63976,Petrol,Individual,Manual,0
Hyundai Creta,2010,8.96,21.67,56952,Petrol,Dealer,Automatic,1
Toyota Fortuner,2010,17.44,60.0,82222,Petrol,Individual,Manual,1
Maruti Ciaz,2010,3.04,10.66,87292,Petrol,Individual,Manual,1
Hyundai Verna,2009,3.43,12.08,103172,Petrol,Individual,Manual,0
Ford Figo,2009,1.77,5.57,103109,Petrol,Dealer,Manual,0
Hyundai Creta,2009,6.36,22.52,50835,Petrol,Individual,Manual,0
Tata Tiago,2009,1.44,5.4,79634,Petrol,Individual,Manual,1
Mahindra XUV500,2009,7.26,25.87,107319,Petrol,Dealer,Manual,2
Honda Jazz,2009,3.17,10.05,61598,Petrol,Individual,Automatic,0
Hyundai Verna,2009,3.49,12.93,97809,Petrol,Individual,Manual,0
Maruti Vitara Brezza,2009,2.81,9.94,118616,Petrol,Individual,Manual,0
Honda Jazz,2009,2.22,8.55,75350,Diesel,Individual,Manual,0
Volkswagen Polo,2009,2.2,7.43,71093,Diesel,Individual,Manual,0
Tata Harrier,2009,7.27,23.54,102007,Petrol,Dealer,Manual,0
BMW 3 Series,2009,14.89,60.0,107802,Petrol,Individual,Manual,0
Maruti Alto,2009,1.03,3.61,115004,Petrol,Dealer,Manual,1
Maruti Ciaz,2009,2.87,12.44,79779,Petrol,Individual,Manual,0
Skoda Rapid,2009,2.7,9.81,78608,Diesel,Individual,Automatic,0
Maruti Wagon R,2009,1.56,5.18,76285,Diesel,Dealer,Manual,1
Honda Jazz,2009,3.12,8.62,66916,Petrol,Dealer,Manual,0
Honda Amaze,2009,2.28,8.16,78529,Diesel,Individual,Manual,1
Skoda Rapid,2009,3.6,11.77,78609,Petrol,Individual,Manual,0
Hyundai Creta,2009,5.3,22.16,107933,Petrol,Individual,Manual,0
Maruti Swift,2009,1.88,7.29,61609,Diesel,Individual,Manual,1
Tata Nexon,2009,2.67,10.62,112628,Petrol,Dealer,Manual,0
Toyota Innova,2009,8.0,28.82,57292,Diesel,Individual,Manual,1
Maruti Alto,2009,1.09,3.7,73501,Diesel,Individual,Manual,1
Maruti Swift,2009,2.12,5.92,73950,Diesel,Dealer,Manual,0
Honda Amaze,2009,2.05,7.54,91241,Petrol,Individual,Manual,0
Maruti Alto,2009,0.99,3.38,100942,Petrol,Dealer,Manual,1
Hyundai i10,2009,1.11,4.29,92775,Petrol,Dealer,Manual,0
Maruti Vitara Brezza,2009,2.58,9.23,94248,Petrol,Individual,Manual,0
Nissan Micra,2009,1.31,4.53,66835,Diesel,Individual,Automatic,1
Ford Figo,2009,1.33,5.02,94608,Diesel,Individual,Manual,2
Maruti Wagon R,2009,1.94,5.39,57644,Petrol,Individual,Automatic,0
Mahindra Bolero,2009,2.64,10.24,119471,Petrol,Dealer,Manual,0
Volkswagen Vento,2009,3.3,12.59,82363,Diesel,Individual,Manual,1
Mahindra Scorpio,2009,6.3,20.09,100241,Petrol,Dealer,Manual,0
Skoda Rapid,2009,2.37,8.59,69148,Petrol,Individual,Manual,0
Renault Kwid,2009,1.13,3.63,70758,Petrol,Dealer,Manual,0
Renault Duster,2009,3.5,11.38,65273,Diesel,Dealer,Manual,0
Hyundai i20,2009,2.62,8.04,86632,Diesel,Dealer,Manual,0
Honda City,2009,3.72,14.19,70865,Diesel,Dealer,Automatic,3
Mahindra XUV500,2009,5.65,21.47,69402,Petrol,Individual,Manual,1
Hyundai Verna,2009,4.04,13.17,76923,Petrol,Dealer,Manual,1
Mahindra Scorpio,2009,6.71,23.44,91537,Petrol,Individual,Manual,0
Tata Harrier,2009,6.45,22.17,73150,Diesel,Dealer,Manual,0
Toyota Etios,2009,3.12,8.24,73770,Petrol,Dealer,Automatic,0
Renault Duster,2009,3.37,11.39,96035,Petrol,Dealer,Manual,0
Toyota Etios,2009,2.42,7.64,72055,Diesel,Dealer,Manual,1
Maruti Vitara Brezza,2009,4.08,10.44,71543,Petrol,Dealer,Automatic,0
Maruti Ciaz,2009,3.29,10.08,96391,Petrol,Individual,Automatic,0
Mercedes C-Class,2009,13.84,60.0,100280,Petrol,Individual,Manual,3
Maruti Vitara Brezza,2009,2.84,10.69,67912,Petrol,Individual,Manual,0
Volkswagen Polo,2009,2.55,7.55,97633,Diesel,Individual,Manual,0
Mahindra XUV500,2009,7.17,21.45,78537,Petrol,Individual,Automatic,0
Toyota Innova,2009,10.5,33.0,54233,Diesel,Individual,Automatic,1
Mahindra XUV500,2009,6.59,25.15,124351,Petrol,Dealer,Manual,0
Hyundai Venue,2009,2.87,11.17,108991,Petrol,Dealer,Manual,0
Maruti Ciaz,2009,2.81,11.24,61060,CNG,Dealer,Manual,2
Audi A4,2009,16.3,60.0,107353,Petrol,Individual,Manual,0
Maruti Swift,2009,1.59,6.47,58297,Petrol,Individual,Manual,1
Honda Amaze,2009,2.12,7.31,85310,Petrol,Individual,Manual,0
Hyundai Verna,2009,3.78,13.57,61891,Petrol,Individual,Manual,0
Honda City,2009,3.06,11.56,74964,Diesel,Dealer,Manual,1
Volkswagen Polo,2009,2.1,7.36,104324,Diesel,Individual,Automatic,0
Volkswagen Polo,2009,2.11,7.39,110980,Diesel,Individual,Manual,0
Toyota Fortuner,2009,17.66,60.0,68938,Diesel,Individual,Manual,0
Volkswagen Vento,2009,3.71,13.03,109756,Petrol,Dealer,Manual,0
Renault Duster,2009,3.78,11.49,75736,Petrol,Dealer,Automatic,1
Maruti Vitara Brezza,2009,2.63,9.64,85398,Petrol,Individual,Manual,0
Maruti Vitara Brezza,2009,3.22,10.34,67792,Diesel,Individual,Manual,0
Mahindra XUV500,2009,5.78,22.27,113570,CNG,Dealer,Manual,0
BMW 3 Series,2009,14.5,60.0,84842,Petrol,Individual,Manual,2
Ford Figo,2009,1.72,5.47,104786,Petrol,Dealer,Manual,0
Honda Amaze,2009,2.13,7.73,121102,Petrol,Dealer,Manual,0
Maruti Swift,2009,1.9,7.65,85765,Petrol,Individual,Manual,1
Ford EcoSport,2009,2.08,8.9,66159,Petrol,Individual,Manual,2
Mercedes C-Class,2009,16.37,60.0,106130,Petrol,Dealer,Manual,1
Hyundai i20,2009,2.09,7.44,78958,Petrol,Individual,Manual,1
Ford EcoSport,2009,3.12,9.67,107272,Diesel,Individual,Manual,0
Toyota Innova,2009,8.71,28.97,108984,Diesel,Dealer,Manual,0
Honda Jazz,2009,2.24,8.36,100141,Petrol,Individual,Manual,1
Tata Harrier,2009,6.44,23.21,106910,Petrol,Individual,Automatic,1
Tata Tiago,2009,1.31,4.42,74969,Diesel,Individual,Manual,0
Renault Duster,2009,3.13,11.69,72720,Petrol,Individual,Manual,0
Mahindra Bolero,2009,2.33,9.01,78227,Petrol,Individual,Manual,1
Renault Kwid,2009,0.94,3.68,89525,CNG,Individual,Manual,1
Hyundai i20,2009,1.79,6.97,99177,CNG,Individual,Manual,0
Maruti Wagon R,2009,1.93,5.76,83075,Petrol,Individual,Automatic,0
Skoda Rapid,2009,2.32,8.19,103732,Petrol,Individual,Automatic,0
Toyota Etios,2009,2.46,7.95,110906,Diesel,Dealer,Manual,0
Tata Tiago,2009,1.44,5.31,117047,Diesel,Individual,Manual,2
Mahindra Scorpio,2009,5.36,18.02,91664,Diesel,Individual,Manual,0
Nissan Micra,2009,1.53,4.86,88070,Petrol,Dealer,Manual,0
Renault Kwid,2009,0.73,3.8,108301,CNG,Individual,Manual,0
Mahindra XUV500,2009,6.74,23.12,80409,Petrol,Individual,Manual,0
Renault Kwid,2009,0.82,3.42,106665,Petrol,Individual,Manual,1
Honda Amaze,2009,1.68,6.75,93347,CNG,Individual,Manual,0
Volkswagen Vento,2009,3.96,11.55,85561,Diesel,Dealer,Manual,0
Hyundai Venue,2009,2.71,11.77,113745,CNG,Individual,Manual,0
Maruti Wagon R,2009,1.3,5.13,115648,Petrol,Individual,Manual,2
Tata Harrier,2009,6.43,21.19,72668,Petrol,Dealer,Manual,1
Renault Duster,2009,3.41,10.98,109351,Petrol,Dealer,Manual,0
Hyundai Verna,2009,4.24,14.21,66558,Petrol,Individual,Manual,0
Maruti Alto,2009,0.98,3.94,116092,Diesel,Individual,Manual,1
Mercedes C-Class,2009,14.36,60.0,100056,Petrol,Individual,Manual,0
Honda Amaze,2009,2.14,7.47,56282,Petrol,Individual,Manual,0
Maruti Wagon R,2009,1.23,5.01,88186,Petrol,Individual,Manual,0
Honda City,2009,3.86,14.25,71078,Petrol,Individual,Manual,1
Mahindra XUV500,2009,5.5,20.62,118468,Diesel,Individual,Manual,0
Hyundai Creta,2009,5.87,19.78,106361,Diesel,Dealer,Manual,0
Hyundai i10,2009,1.45,4.43,56113,Petrol,Dealer,Manual,1
Mahindra XUV500,2009,5.75,22.47,102298,Petrol,Individual,Manual,0
Honda Amaze,2009,1.86,6.09,72990,Petrol,Individual,Manual,0
Honda City,2009,3.85,15.24,81115,Petrol,Individual,Manual,0
Honda City,2009,3.36,13.9,78112,Petrol,Individual,Manual,2
Toyota Innova,2009,8.23,27.27,105111,Petrol,Dealer,Manual,0
Hyundai i20,2009,2.2,6.87,82023,Diesel,Individual,Manual,0
Honda Jazz,2009,3.05,10.4,77585,Petrol,Individual,Manual,0
Hyundai i20,2009,1.8,6.67,93993,Petrol,Individual,Manual,0
Toyota Etios,2009,1.87,6.98,89735,Petrol,Individual,Manual,0
Toyota Innova,2009,10.2,33.48,71470,Petrol,Dealer,Automatic,0
Toyota Etios,2009,2.17,8.01,105809,Petrol,Individual,Manual,0
Volkswagen Vento,2009,3.72,12.64,58550,Petrol,Individual,Manual,0
Mahindra Scorpio,2009,5.51,18.16,107613,Petrol,Individual,Manual,0
Maruti Alto,2009,1.1,3.37,78590,Petrol,Individual,Automatic,0
Nissan Micra,2009,1.28,5.08,84088,Petrol,Individual,Manual,0
Maruti Swift,2009,1.56,6.14,105888,Petrol,Individual,Manual,0
Hyundai Creta,2009,4.66,21.82,122079,Petrol,Individual,Manual,0
BMW 3 Series,2009,19.39,60.0,105046,Petrol,Dealer,Automatic,1
Hyundai Verna,2009,3.2,12.05,102126,Petrol,Dealer,Manual,0
Hyundai Venue,2009,2.86,11.23,107288,Petrol,Individual,Manual,0
Volkswagen Polo,2009,2.0,6.68,75659,Petrol,Dealer,Manual,1
Hyundai Verna,2009,3.9,14.32,84526,Diesel,Individual,Manual,1
Hyundai Venue,2009,3.29,11.24,116640,Petrol,Individual,Manual,0
Maruti Alto,2009,1.03,3.73,72376,Petrol,Individual,Automatic,0
Nissan Micra,2009,1.51,5.42,53255,Petrol,Individual,Manual,1
Maruti Baleno,2009,2.3,7.32,61236,Diesel,Individual,Manual,0
Maruti Baleno,2009,2.17,7.26,110768,Petrol,Dealer,Manual,0
Honda City,2009,3.72,14.91,79985,Petrol,Individual,Manual,0
Ford Figo,2009,1.37,4.82,75083,Petrol,Individual,Automatic,1
Tata Harrier,2009,6.59,25.22,71046,Diesel,Individual,Manual,2
Ford EcoSport,2009,2.2,9.47,89605,Diesel,Individual,Manual,3
Volkswagen Vento,2009,3.82,11.45,80289,Diesel,Dealer,Manual,0
Volkswagen Polo,2009,2.53,8.23,73643,Diesel,Dealer,Manual,0
Tata Tiago,2009,1.02,4.54,108605,Petrol,Individual,Manual,1
BMW 3 Series,2009,16.15,60.0,61755,Petrol,Individual,Manual,0
Toyota Innova,2009,8.51,32.42,88479,Petrol,Individual,Manual,1
Mahindra XUV500,2009,6.27,22.84,81408,Petrol,Individual,Manual,0
Maruti Wagon R,2009,1.56,4.7,72462,Petrol,Individual,Automatic,0
Maruti Swift,2009,1.53,5.68,116315,Petrol,Individual,Manual,0
BMW 3 Series,2009,15.94,60.0,81446,Petrol,Individual,Manual,1
Toyota Innova,2009,8.15,26.98,62863,Petrol,Individual,Manual,1
Toyota Innova,2009,7.39,28.95,88679,Diesel,Individual,Manual,0
Renault Kwid,2009,1.24,4.26,92334,Petrol,Individual,Manual,0
Hyundai Verna,2009,3.64,13.07,107043,Petrol,Dealer,Manual,0
Hyundai i20,2009,2.39,7.69,69463,Petrol,Individual,Manual,0
Volkswagen Vento,2009,3.37,12.26,87772,Petrol,Individual,Manual,0
Hyundai Venue,2009,2.79,9.06,107533,Petrol,Individual,Automatic,1
Maruti Vitara Brezza,2009,1.93,9.15,97133,Diesel,Individual,Manual,2
Maruti Swift,2009,1.62,6.6,107069,Diesel,Individual,Manual,1
Maruti Ciaz,2009,3.02,11.13,102110,Petrol,Dealer,Manual,1
Maruti Vitara Brezza,2009,2.83,10.96,109581,Petrol,Individual,Manual,0
Mahindra XUV500,2009,5.77,20.0,88445,Petrol,Individual,Manual,1
Hyundai i20,2009,2.59,6.83,83505,Diesel,Dealer,Automatic,0
Audi A4,2009,13.83,60.0,94716,Petrol,Individual,Manual,0
Mahindra XUV500,2009,7.25,24.75,76216,Petrol,Individual,Manual,0
Mercedes C-Class,2009,14.52,60.0,115642,Diesel,Individual,Manual,1
Honda Amaze,2009,2.02,7.51,89501,Petrol,Dealer,Manual,0
Mahindra Scorpio,2009,4.6,16.78,100280,Petrol,Dealer,Manual,0
Hyundai Creta,2009,5.25,20.05,105298,Diesel,Dealer,Manual,2
Skoda Rapid,2009,2.78,9.97,84004,Diesel,Individual,Manual,0
Nissan Micra,2009,1.49,5.73,113899,Petrol,Dealer,Manual,0
Ford EcoSport,2009,2.54,8.4,76511,Diesel,Individual,Manual,0
Tata Tiago,2009,1.71,5.09,79178,Petrol,Dealer,Manual,0
Mahindra Bolero,2009,2.8,10.68,117996,Petrol,Individual,Manual,0
Renault Kwid,2009,0.86,3.53,65235,Petrol,Individual,Manual,1
Mahindra Scorpio,2009,5.78,22.37,85316,Petrol,Individual,Manual,0
Skoda Rapid,2009,2.93,10.34,97620,Diesel,Individual,Manual,1
Toyota Innova,2009,8.41,29.76,54614,Diesel,Individual,Manual,1
Maruti Wagon R,2009,1.18,4.52,101758,Petrol,Individual,Manual,0
Hyundai Verna,2009,3.55,13.99,56245,Petrol,Dealer,Manual,1
Honda Jazz,2009,2.24,8.08,81098,Diesel,Individual,Manual,0
Ford Figo,2009,1.3,5.23,88861,Petrol,Individual,Manual,0
Renault Duster,2009,4.08,12.15,80467,Diesel,Dealer,Manual,1
BMW 3 Series,2009,17.82,60.0,72504,CNG,Dealer,Manual,0
Skoda Rapid,2009,3.26,9.89,69316,Diesel,Individual,Manual,0
Tata Nexon,2009,3.16,9.68,63833,Diesel,Individual,Manual,0
Renault Duster,2009,2.88,9.9,62568,Petrol,Individual,Manual,0
Skoda Rapid,2009,2.98,10.94,103170,Petrol,Individual,Manual,0
Honda Jazz,2009,2.35,10.34,104775,Petrol,Individual,Manual,2
Toyota Fortuner,2009,17.82,60.0,69340,Petrol,Dealer,Manual,0
Ford EcoSport,2009,2.84,9.45,63935,Petrol,Individual,Manual,0
Mahindra Bolero,2009,2.44,10.3,97596,Petrol,Individual,Manual,2
Ford Figo,2009,1.73,5.22,52795,Petrol,Dealer,Manual,0
Renault Kwid,2009,1.66,4.24,58145,Diesel,Dealer,Manual,0
Hyundai i10,2009,1.49,5.03,84315,Petrol,Individual,Automatic,0
Maruti Ciaz,2009,2.78,10.34,83466,Petrol,Individual,Manual,0
Renault Duster,2009,3.57,11.77,67600,Petrol,Individual,Manual,0
Maruti Ciaz,2009,2.45,9.63,77096,Petrol,Individual,Manual,0
Maruti Swift,2009,1.75,6.72,111778,Petrol,Individual,Manual,0
Honda City,2009,3.66,13.89,78618,Petrol,Individual,Manual,1
Maruti Alto,2009,0.93,3.04,78441,Petrol,Individual,Manual,0
Skoda Rapid,2009,3.16,11.7,116533,Petrol,Dealer,Automatic,2
Ford EcoSport,2009,3.08,9.41,57710,Diesel,Dealer,Manual,0
Maruti Alto,2009,1.0,3.56,85759,Petrol,Individual,Manual,0
Hyundai i20,2009,2.06,8.39,98920,Petrol,Individual,Manual,0
Tata Harrier,2009,7.25,22.52,103773,Petrol,Dealer,Automatic,0
Toyota Innova,2009,8.92,25.33,81352,Petrol,Dealer,Automatic,1
BMW 3 Series,2008,15.92,60.0,78302,Petrol,Dealer,Manual,0
Hyundai i10,2008,1.23,4.65,72475,Petrol,Individual,Manual,0
Maruti Vitara Brezza,2008,2.07,9.47,107789,Petrol,Individual,Manual,3
Toyota Innova,2008,9.84,30.6,70208,Petrol,Individual,Automatic,0
Honda Jazz,2008,2.52,9.32,75570,Diesel,Individual,Manual,0
Hyundai Venue,2008,3.08,10.75,78800,Petrol,Individual,Manual,0
Maruti Ciaz,2008,2.58,9.92,79194,Diesel,Individual,Manual,0
Skoda Rapid,2008,2.81,10.02,98279,Petrol,Dealer,Manual,1
Maruti Swift,2008,1.51,6.42,73306,Petrol,Individual,Manual,2
Toyota Etios,2008,2.28,8.57,111348,Petrol,Individual,Manual,0
Tata Nexon,2008,2.95,10.85,125395,Diesel,Dealer,Manual,0
Maruti Alto,2008,0.75,3.05,122392,Diesel,Dealer,Manual,0
Mahindra Bolero,2008,2.87,11.34,97691,Petrol,Dealer,Automatic,1
Mahindra Scorpio,2008,4.95,18.15,76109,Diesel,Individual,Manual,1
Maruti Vitara Brezza,2008,1.98,8.1,122047,Diesel,Individual,Manual,0
Honda Jazz,2008,2.72,9.14,108661,Diesel,Dealer,Manual,0
Tata Nexon,2008,2.48,10.8,128641,Petrol,Individual,Manual,0
Hyundai i10,2008,1.0,4.22,101160,Petrol,Individual,Manual,0
Tata Harrier,2008,5.96,24.45,78310,Petrol,Individual,Manual,0
Mahindra Scorpio,2008,5.83,22.65,92047,Diesel,Individual,Manual,0
Ford EcoSport,2008,2.23,8.79,83250,Petrol,Individual,Manual,0
Hyundai Verna,2008,2.83,12.63,92670,Petrol,Dealer,Manual,3
Tata Nexon,2008,3.09,11.67,121437,Petrol,Dealer,Manual,0
Tata Tiago,2008,1.54,5.16,65968,Petrol,Individual,Manual,0
Maruti Baleno,2008,1.85,7.87,82879,Petrol,Individual,Manual,2
Hyundai Verna,2008,4.57,14.18,61009,Diesel,Dealer,Manual,0
Hyundai Creta,2008,4.89,18.63,81779,Petrol,Dealer,Manual,0
Maruti Baleno,2008,2.05,7.58,69474,Petrol,Dealer,Manual,0
Ford Figo,2008,1.36,4.99,99182,Diesel,Individual,Automatic,1
Maruti Wagon R,2008,1.13,5.02,89265,Diesel,Individual,Manual,0
Honda City,2008,3.03,14.15,125371,Petrol,Individual,Manual,1
Tata Tiago,2008,1.25,4.74,72798,Petrol,Individual,Manual,0
Ford EcoSport,2008,2.5,10.17,117744,Petrol,Individual,Automatic,1
Maruti Vitara Brezza,2008,3.52,9.91,80579,Petrol,Dealer,Automatic,0
Honda Amaze,2008,2.15,8.02,98825,Diesel,Individual,Automatic,0
Maruti Baleno,2008,2.03,8.17,64924,CNG,Individual,Manual,0
Tata Harrier,2008,5.61,24.04,116782,Diesel,Individual,Manual,0
Renault Kwid,2008,0.93,3.76,110696,Diesel,Individual,Manual,0
Volkswagen Polo,2008,1.72,7.51,57936,CNG,Individual,Manual,1
Maruti Wagon R,2008,1.11,5.08,76248,Diesel,Individual,Manual,1
Toyota Fortuner,2008,14.79,60.0,85784,Diesel,Individual,Manual,0
Skoda Rapid,2008,2.76,10.39,114250,Petrol,Dealer,Manual,0
Mahindra Scorpio,2008,5.03,18.39,93870,Petrol,Dealer,Automatic,2
BMW 3 Series,2008,16.67,60.0,98235,Diesel,Individual,Manual,0
Tata Harrier,2008,7.51,25.79,89125,Petrol,Dealer,Manual,1
Toyota Fortuner,2008,16.44,60.0,56767,Petrol,Individual,Manual,0
Tata Harrier,2008,5.7,23.37,104231,Petrol,Individual,Manual,0
Tata Nexon,2008,2.33,10.09,67879,Petrol,Individual,Manual,1
Tata Tiago,2008,1.15,5.28,79462,Petrol,Individual,Manual,0
Hyundai Venue,2008,3.59,11.82,82692,Petrol,Dealer,Manual,0
Hyundai Venue,2008,2.75,11.58,129341,Petrol,Individual,Manual,0
Hyundai i10,2008,0.94,4.38,122165,Diesel,Individual,Manual,1
Ford EcoSport,2008,2.38,9.92,111371,Diesel,Individual,Manual,0
Tata Nexon,2008,3.06,11.45,96456,Petrol,Dealer,Manual,0
Maruti Ciaz,2008,2.68,10.45,103327,Diesel,Individual,Manual,0
Hyundai Venue,2008,2.8,9.5,76980,Diesel,Individual,Manual,0
Volkswagen Vento,2008,3.07,12.05,68926,Petrol,Individual,Manual,0
Hyundai Creta,2008,6.04,19.65,97651,Diesel,Dealer,Manual,0
Toyota Innova,2008,6.76,25.42,91651,Petrol,Dealer,Manual,1
Hyundai i20,2008,1.98,8.34,121256,Petrol,Individual,Manual,0
BMW 3 Series,2008,16.42,60.0,98540,Petrol,Individual,Automatic,1
Tata Tiago,2008,1.38,5.08,70449,Petrol,Dealer,Manual,2
Ford EcoSport,2008,2.89,10.09,101876,Petrol,Dealer,Manual,1
Maruti Ciaz,2008,2.62,10.28,111581,Diesel,Individual,Manual,0
Nissan Micra,2008,1.48,5.74,70702,Petrol,Individual,Manual,1
Toyota Etios,2008,2.21,8.32,117082,Petrol,Dealer,Manual,0
Renault Kwid,2008,0.81,3.45,124219,Petrol,Individual,Manual,0
Mahindra Bolero,2008,2.15,10.2,112719,Petrol,Individual,Manual,0
Honda City,2008,2.81,11.59,65846,Petrol,Individual,Manual,2
Volkswagen Polo,2008,2.07,7.54,98386,Petrol,Individual,Manual,0
Mahindra Bolero,2008,2.33,10.54,87945,Petrol,Individual,Manual,1
Tata Harrier,2008,5.78,26.75,96875,Petrol,Individual,Manual,2
Honda Amaze,2008,1.57,6.87,132001,Diesel,Individual,Manual,1
Mahindra Scorpio,2008,4.24,17.87,90169,CNG,Individual,Manual,0
Hyundai Creta,2008,6.73,24.78,87468,Petrol,Individual,Manual,0
Volkswagen Polo,2008,1.84,7.24,118770,Petrol,Individual,Manual,0
Hyundai i20,2008,1.69,7.16,89228,Petrol,Individual,Manual,0
Tata Tiago,2008,1.27,4.46,66006,Petrol,Dealer,Manual,0
Ford Figo,2008,1.79,6.32,64525,Petrol,Individual,Manual,0
Mahindra XUV500,2008,4.31,24.36,112574,CNG,Individual,Manual,1
Mercedes C-Class,2008,15.2,60.0,100575,Petrol,Individual,Manual,0
Hyundai Verna,2008,3.3,13.56,112079,Petrol,Individual,Manual,0
Hyundai i20,2008,1.67,6.92,66163,Diesel,Individual,Manual,0
Hyundai i20,2008,1.56,7.05,71431,Petrol,Individual,Manual,0
Nissan Micra,2008,1.43,5.22,57199,Petrol,Individual,Manual,0
Hyundai Verna,2008,3.58,15.23,80263,Petrol,Individual,Manual,1
Mahindra Bolero,2008,3.33,11.01,78098,Diesel,Individual,Automatic,0
Maruti Alto,2008,0.92,3.9,77412,Petrol,Individual,Manual,0
Maruti Wagon R,2008,1.33,4.82,113475,Petrol,Individual,Manual,0
Honda Jazz,2008,2.15,8.79,95032,Petrol,Individual,Manual,0
Toyota Fortuner,2008,15.66,60.0,81650,Petrol,Dealer,Manual,0
Tata Tiago,2008,1.3,5.15,93943,CNG,Individual,Manual,0
Skoda Rapid,2008,2.97,10.9,71355,Diesel,Individual,Manual,0
Tata Nexon,2008,2.56,10.2,77645,Diesel,Dealer,Manual,0
Hyundai i20,2008,2.01,7.49,89143,Petrol,Dealer,Manual,0
BMW 3 Series,2008,14.01,60.0,74873,Diesel,Individual,Manual,1
Hyundai i20,2008,1.56,7.7,103162,Petrol,Individual,Manual,0
Honda Amaze,2008,2.07,7.55,119058,Diesel,Individual,Manual,0
Hyundai Verna,2008,2.72,12.79,133601,Petrol,Individual,Automatic,0
Tata Tiago,2008,1.28,5.3,63833,Petrol,Individual,Manual,1
Mahindra Bolero,2008,2.53,10.55,66592,Petrol,Individual,Manual,1
Hyundai Creta,2008,5.0,19.5,85667,Petrol,Individual,Manual,0
Volkswagen Polo,2008,1.89,7.17,97977,Petrol,Individual,Manual,1
Ford Figo,2008,1.23,4.81,99210,Diesel,Individual,Manual,0
Mercedes C-Class,2008,14.63,60.0,86057,Diesel,Individual,Manual,2
Skoda Rapid,2008,2.34,9.96,118377,Diesel,Individual,Manual,0
Audi A4,2008,12.84,60.0,97768,Petrol,Individual,Manual,2
Maruti Wagon R,2008,1.23,5.38,127472,Diesel,Individual,Manual,1
Ford EcoSport,2008,2.22,8.76,106426,Petrol,Individual,Manual,0
Hyundai Venue,2008,2.76,11.04,105377,Diesel,Individual,Manual,0
Renault Duster,2008,3.33,13.04,63373,Diesel,Individual,Manual,0
Hyundai i20,2008,1.77,6.72,88871,Diesel,Dealer,Manual,1
Tata Harrier,2008,6.29,26.49,99415,Diesel,Individual,Manual,2
Toyota Innova,2008,9.96,30.62,59266,Diesel,Dealer,Manual,0
Tata Tiago,2008,1.69,5.68,93950,Diesel,Individual,Manual,0
Hyundai i20,2008,2.05,7.24,59274,Petrol,Dealer,Manual,0
BMW 3 Series,2008,14.51,60.0,116461,Diesel,Individual,Manual,0
Renault Duster,2008,3.07,10.89,83793,Petrol,Dealer,Manual,0
Maruti Wagon R,2008,1.03,4.41,93958,Petrol,Individual,Manual,0
Toyota Fortuner,2008,13.17,60.0,114691,CNG,Individual,Manual,0
Tata Harrier,2008,4.83,22.67,122070,CNG,Individual,Manual,1
BMW 3 Series,2008,12.98,60.0,111668,Diesel,Individual,Manual,0
Maruti Baleno,2008,1.72,6.19,113012,Diesel,Individual,Automatic,0
Tata Harrier,2008,6.28,25.74,92062,Petrol,Dealer,Manual,1
Honda City,2008,2.62,12.79,135424,Diesel,Individual,Manual,0
Mercedes C-Class,2008,17.09,60.0,68504,Diesel,Individual,Manual,0
Toyota Etios,2008,2.2,7.61,82746,Petrol,Individual,Automatic,0
Mahindra Bolero,2008,2.87,10.03,73690,Petrol,Individual,Manual,0
BMW 3 Series,2008,18.67,60.0,69810,Petrol,Individual,Automatic,0
Maruti Wagon R,2008,1.22,4.65,85625,Diesel,Individual,Manual,0
Toyota Etios,2008,2.05,7.91,121832,Petrol,Individual,Manual,0
Volkswagen Vento,2008,3.04,13.64,96226,Petrol,Individual,Manual,0
Honda City,2008,3.77,13.26,120001,Petrol,Dealer,Manual,0
Hyundai Venue,2008,2.84,11.07,108433,Petrol,Dealer,Manual,0
Hyundai Verna,2008,2.92,11.54,129350,Diesel,Dealer,Manual,0
Mahindra Bolero,2008,1.84,10.29,112130,Diesel,Individual,Manual,3
Maruti Ciaz,2008,2.75,11.18,79482,Petrol,Individual,Automatic,2
Renault Kwid,2008,0.94,3.48,78235,Petrol,Individual,Manual,0
Tata Harrier,2008,6.56,23.83,60328,Diesel,Individual,Manual,0
Maruti Wagon R,2008,1.36,4.83,84175,Petrol,Individual,Manual,0
Ford Figo,2008,1.08,4.8,89759,Diesel,Individual,Manual,0
Hyundai i20,2008,2.2,8.32,82641,Diesel,Individual,Manual,0
Toyota Etios,2008,1.96,7.84,108435,Petrol,Dealer,Manual,0
Maruti Swift,2008,1.73,6.59,63856,Petrol,Dealer,Manual,0
Toyota Fortuner,2008,15.92,60.0,70241,Petrol,Individual,Manual,0
Toyota Innova,2008,7.64,28.16,85556,Petrol,Dealer,Manual,0
Maruti Vitara Brezza,2008,2.6,10.06,94890,Petrol,Individual,Manual,0
Hyundai Venue,2008,2.41,10.61,86307,Diesel,Individual,Manual,1
Maruti Ciaz,2008,2.51,9.3,78646,Diesel,Individual,Manual,1
Nissan Micra,2008,1.3,6.01,133912,Petrol,Individual,Manual,0
Skoda Rapid,2008,3.23,11.84,88182,Diesel,Individual,Manual,0
Hyundai Verna,2008,3.75,15.22,118418,Petrol,Dealer,Manual,1
Honda Jazz,2008,2.35,9.42,114318,Petrol,Dealer,Manual,0
Maruti Vitara Brezza,2008,2.63,9.94,83355,Diesel,Individual,Manual,0
Mahindra Scorpio,2008,4.56,19.23,103261,Petrol,Individual,Manual,1
Hyundai i20,2008,1.95,7.88,109043,Petrol,Dealer,Manual,0
Audi A4,2008,15.48,60.0,75875,Petrol,Individual,Manual,0
Ford EcoSport,2008,2.2,8.71,116215,Petrol,Individual,Automatic,0
Skoda Rapid,2008,2.68,9.82,90410,Petrol,Individual,Manual,0
Ford EcoSport,2008,2.72,9.34,72324,Petrol,Dealer,Manual,0
Toyota Fortuner,2008,15.83,60.0,106703,Diesel,Individual,Manual,0
Ford Figo,2008,1.32,5.42,84591,Petrol,Individual,Manual,0
Ford Figo,2008,1.46,5.12,65673,Petrol,Dealer,Manual,0
Audi A4,2008,16.07,60.0,86964,Petrol,Individual,Manual,1
Mahindra Bolero,2008,2.06,9.62,122053,Petrol,Individual,Manual,0
Mahindra Bolero,2008,2.46,10.07,94777,Petrol,Individual,Manual,0
Hyundai Verna,2008,3.15,14.53,116154,Petrol,Individual,Manual,2
Toyota Innova,2007,7.21,27.64,87725,Diesel,Dealer,Automatic,2
BMW 3 Series,2007,13.2,60.0,131666,Diesel,Individual,Manual,0
Tata Harrier,2007,4.31,21.77,128114,Petrol,Individual,Manual,0
Maruti Vitara Brezza,2007,2.11,8.54,124264,Diesel,Individual,Automatic,1
Maruti Baleno,2007,1.74,7.68,97383,Petrol,Individual,Manual,0
Honda Amaze,2007,1.4,6.43,127421,Petrol,Individual,Manual,0
Volkswagen Polo,2007,1.35,7.52,122739,Petrol,Individual,Manual,0
Toyota Fortuner,2007,13.42,60.0,87686,Petrol,Individual,Manual,0
Maruti Baleno,2007,1.42,6.78,128844,Diesel,Individual,Manual,0
Maruti Baleno,2007,1.67,8.33,89679,Diesel,Individual,Manual,0
Hyundai i10,2007,0.89,4.42,110130,Petrol,Individual,Manual,0
Maruti Baleno,2007,1.53,6.77,109702,Diesel,Dealer,Manual,0
Maruti Vitara Brezza,2007,2.16,9.57,89479,Petrol,Dealer,Manual,2
BMW 3 Series,2007,15.04,60.0,105595,Petrol,Individual,Manual,0
Mahindra XUV500,2007,4.43,22.57,119611,Petrol,Individual,Manual,0
Toyota Etios,2007,2.54,8.64,77656,Petrol,Dealer,Automatic,0
Mahindra Bolero,2007,2.56,10.5,102985,Diesel,Individual,Automatic,0
Toyota Etios,2007,2.06,8.43,70927,Petrol,Individual,Manual,0
Maruti Wagon R,2007,1.21,4.67,95289,Petrol,Individual,Manual,0
Maruti Swift,2007,1.46,6.86,87607,Petrol,Individual,Manual,0
BMW 3 Series,2007,13.6,60.0,137836,Diesel,Individual,Automatic,0
Renault Duster,2007,2.42,11.43,142249,Diesel,Individual,Automatic,0
Ford Figo,2007,1.08,5.23,126366,Petrol,Individual,Manual,0
Hyundai i10,2007,0.94,4.11,108613,Diesel,Individual,Manual,0
Hyundai Creta,2007,5.97,21.04,79837,Petrol,Dealer,Manual,2
Hyundai Verna,2007,2.66,12.15,134195,Petrol,Dealer,Manual,0
Tata Nexon,2007,2.34,10.69,137608,Petrol,Dealer,Manual,0
Toyota Etios,2007,1.83,8.02,90393,Diesel,Individual,Manual,0
Maruti Vitara Brezza,2007,2.03,9.12,114622,Petrol,Individual,Manual,0
Maruti Ciaz,2007,3.09,11.5,82391,Petrol,Individual,Manual,0
Audi A4,2007,13.37,60.0,119589,Petrol,Individual,Manual,0
Maruti Vitara Brezza,2007,2.67,11.58,75204,Petrol,Individual,Manual,0
Tata Tiago,2007,1.16,5.12,97746,Petrol,Individual,Manual,0
Volkswagen Polo,2007,1.85,8.18,79934,Petrol,Individual,Manual,0
Hyundai Creta,2007,4.35,18.71,112849,Diesel,Individual,Manual,0
Maruti Vitara Brezza,2007,2.79,9.34,73227,Petrol,Dealer,Automatic,0
Nissan Micra,2007,0.94,4.09,129849,Diesel,Dealer,Manual,0
Maruti Baleno,2007,1.64,7.58,104952,Petrol,Dealer,Manual,1
Hyundai Creta,2007,4.44,19.28,84054,Diesel,Dealer,Manual,0
Volkswagen Polo,2007,1.83,7.72,113266,Petrol,Dealer,Manual,0
Hyundai Venue,2007,2.01,10.14,106117,Petrol,Individual,Manual,1
Honda Jazz,2007,2.07,7.67,70910,Petrol,Dealer,Manual,1
Renault Duster,2007,2.85,13.2,87137,Petrol,Individual,Manual,0
Maruti Baleno,2007,1.7,7.7,103075,Diesel,Individual,Manual,1
Renault Duster,2007,3.11,14.36,97953,CNG,Individual,Manual,0
Mahindra Scorpio,2007,3.94,17.71,104223,Diesel,Dealer,Manual,0
Volkswagen Polo,2007,1.55,7.24,133514,Petrol,Individual,Manual,0
Ford Figo,2007,1.38,4.99,80946,Petrol,Dealer,Automatic,0
Nissan Micra,2007,1.39,5.54,72562,Diesel,Individual,Manual,0
Honda Amaze,2007,1.82,8.27,128614,Petrol,Individual,Manual,0
Toyota Innova,2007,8.81,31.37,71359,Diesel,Dealer,Manual,0
Toyota Etios,2007,1.9,7.52,115321,Petrol,Dealer,Manual,0
Tata Harrier,2007,6.11,24.08,99570,Diesel,Individual,Manual,0
Volkswagen Vento,2007,2.45,11.28,113798,Diesel,Dealer,Manual,1
Mahindra XUV500,2007,5.15,24.21,127903,Petrol,Individual,Manual,0
Mahindra XUV500,2007,4.39,21.86,116052,Diesel,Individual,Manual,1
Volkswagen Polo,2007,1.76,7.49,95373,Petrol,Dealer,Manual,1
Audi A4,2007,13.14,60.0,89593,Diesel,Individual,Manual,3
Ford Figo,2007,1.43,5.16,86749,Petrol,Individual,Automatic,0
Hyundai i20,2007,1.98,8.81,78578,CNG,Individual,Manual,0
Tata Tiago,2007,1.02,4.95,133714,Petrol,Individual,Manual,0
Mahindra Bolero,2007,2.95,10.65,101944,Diesel,Individual,Automatic,0
Toyota Fortuner,2007,12.18,60.0,122718,Petrol,Individual,Automatic,0
Mahindra XUV500,2007,4.51,23.07,123796,Petrol,Dealer,Manual,0
Renault Kwid,2007,0.84,4.29,128030,Petrol,Individual,Manual,0
Toyota Fortuner,2007,13.42,60.0,106631,Petrol,Dealer,Manual,0
Hyundai Creta,2007,4.27,21.1,127056,Petrol,Dealer,Manual,0
Hyundai Creta,2007,4.34,20.28,101320,Petrol,Individual,Manual,2
Mahindra XUV500,2007,4.74,24.84,106186,Diesel,Individual,Manual,3
Nissan Micra,2007,1.32,5.18,96833,Diesel,Dealer,Manual,0
BMW 3 Series,2007,13.75,60.0,71678,Diesel,Individual,Manual,1
Renault Kwid,2007,0.91,3.84,89483,Petrol,Individual,Manual,0
Maruti Ciaz,2007,2.58,12.12,117517,Petrol,Individual,Manual,1
Maruti Vitara Brezza,2007,2.19,9.76,105324,Diesel,Dealer,Manual,2
Volkswagen Polo,2007,1.52,7.43,117508,Diesel,Individual,Manual,2
Tata Harrier,2007,4.76,25.36,85565,Diesel,Individual,Automatic,3
Ford EcoSport,2007,2.42,9.5,97317,Diesel,Dealer,Manual,0
Renault Kwid,2007,0.79,3.68,134278,Petrol,Individual,Manual,0
Maruti Alto,2007,0.75,3.63,75842,Diesel,Individual,Manual,0
Honda Amaze,2007,1.47,7.55,125505,Petrol,Individual,Manual,0
Mahindra Bolero,2007,2.5,10.53,126233,Diesel,Individual,Manual,0
Hyundai Venue,2007,2.31,9.65,139616,Diesel,Dealer,Manual,0
Maruti Wagon R,2007,1.23,5.05,132265,Diesel,Dealer,Manual,0
Renault Duster,2007,2.86,11.57,113824,Petrol,Individual,Manual,0
Hyundai i20,2007,1.63,6.65,58004,Petrol,Individual,Manual,0
Renault Duster,2007,1.7,10.88,136900,CNG,Individual,Manual,2
Tata Nexon,2007,2.11,9.31,120461,Diesel,Dealer,Manual,0
Maruti Vitara Brezza,2007,2.67,10.79,78026,Petrol,Individual,Manual,0
Toyota Fortuner,2007,14.9,60.0,133542,Petrol,Dealer,Manual,1
Mahindra Scorpio,2007,4.49,18.57,86968,Diesel,Individual,Manual,0
Mahindra Scorpio,2007,5.34,20.37,82244,Petrol,Dealer,Manual,0
BMW 3 Series,2007,11.32,60.0,127354,Petrol,Individual,Manual,0
Renault Kwid,2007,0.83,3.48,90873,Petrol,Individual,Manual,0
Tata Nexon,2007,3.0,11.81,84607,Petrol,Dealer,Manual,0
BMW 3 Series,2007,15.15,60.0,82785,Diesel,Dealer,Automatic,1
Ford Figo,2007,1.35,6.34,128246,Petrol,Individual,Manual,0
Tata Nexon,2007,2.64,10.62,107617,Petrol,Dealer,Manual,0
Mahindra XUV500,2007,5.68,24.8,110408,Petrol,Dealer,Manual,2
Volkswagen Vento,2007,2.93,12.45,110745,Petrol,Individual,Automatic,2
Mercedes C-Class,2007,12.01,60.0,133109,Diesel,Individual,Manual,0
Mercedes C-Class,2007,14.28,60.0,121505,Petrol,Dealer,Manual,0
Nissan Micra,2007,1.43,5.89,131410,Petrol,Dealer,Manual,0
Nissan Micra,2007,1.35,5.47,71020,Petrol,Individual,Manual,0
BMW 3 Series,2007,16.05,60.0,73282,Petrol,Individual,Manual,0
Ford Figo,2007,1.32,5.95,101292,Petrol,Dealer,Manual,1
Maruti Ciaz,2007,2.49,10.21,128345,Petrol,Dealer,Automatic,0
Hyundai Verna,2007,3.15,13.54,124957,Diesel,Individual,Manual,0
Toyota Innova,2007,6.33,26.44,91416,Diesel,Dealer,Manual,1
Audi A4,2007,12.81,60.0,119346,Petrol,Individual,Manual,0
Audi A4,2007,14.55,60.0,107668,Petrol,Dealer,Manual,1
BMW 3 Series,2007,12.26,60.0,87656,Diesel,Dealer,Manual,0
Renault Kwid,2007,0.85,3.79,112259,Petrol,Dealer,Manual,0
Tata Harrier,2007,6.65,25.59,89508,Petrol,Individual,Manual,0
Hyundai Verna,2007,3.82,14.54,72674,Petrol,Dealer,Manual,0
Mahindra Bolero,2007,2.91,11.02,89404,Petrol,Dealer,Manual,0
Honda City,2007,3.05,12.31,79853,Petrol,Individual,Manual,0
Tata Nexon,2007,2.29,10.2,105747,Petrol,Individual,Manual,1
Hyundai i20,2007,1.76,8.17,90155,Diesel,Dealer,Manual,2
Volkswagen Vento,2007,2.96,11.35,81278,Diesel,Individual,Automatic,0
Toyota Fortuner,2007,13.9,60.0,118618,Petrol,Dealer,Manual,0
BMW 3 Series,2007,15.43,60.0,121515,Diesel,Dealer,Automatic,0
Audi A4,2007,13.0,60.0,71159,Petrol,Individual,Manual,0
Honda Jazz,2007,1.97,8.71,82590,Diesel,Individual,Manual,1
Maruti Swift,2007,1.35,6.63,120350,Petrol,Individual,Manual,0
Mahindra XUV500,2007,4.84,22.47,75164,Petrol,Individual,Manual,0
Toyota Innova,2007,5.72,27.13,96269,Petrol,Dealer,Automatic,0
Mahindra Bolero,2007,2.11,10.79,111958,Petrol,Individual,Manual,0
Tata Tiago,2007,1.2,5.15,107372,Diesel,Dealer,Manual,0
Mahindra Scorpio,2007,5.16,20.36,96495,Diesel,Dealer,Manual,0
Maruti Wagon R,2007,1.15,4.82,100792,Diesel,Dealer,Manual,0
Mahindra Scorpio,2007,3.94,20.27,104546,Diesel,Individual,Manual,2
Maruti Ciaz,2007,2.56,10.86,92999,Petrol,Individual,Manual,0
Maruti Baleno,2007,1.7,7.17,70865,Diesel,Individual,Manual,0
Mahindra Bolero,2007,2.25,10.52,139786,Diesel,Individual,Manual,0
Maruti Alto,2007,0.84,3.56,133971,Petrol,Individual,Automatic,0
Ford EcoSport,2007,2.67,9.63,76609,Petrol,Individual,Manual,0
Tata Nexon,2007,2.68,11.37,82810,Petrol,Individual,Manual,0
Hyundai Verna,2007,3.29,14.72,130395,Petrol,Individual,Automatic,0
BMW 3 Series,2007,13.52,60.0,125814,Diesel,Individual,Manual,0
Renault Duster,2007,2.69,11.92,111005,Diesel,Individual,Manual,0
Mahindra XUV500,2007,5.06,22.21,84108,Petrol,Individual,Manual,1
Maruti Alto,2007,0.72,3.65,114895,Petrol,Individual,Manual,0
Volkswagen Vento,2007,2.07,11.29,117943,Petrol,Individual,Automatic,2
Hyundai i20,2007,1.96,7.84,99827,Petrol,Dealer,Manual,0
Toyota Innova,2007,7.33,27.98,95125,Diesel,Individual,Manual,0
Toyota Fortuner,2007,12.87,60.0,81954,Petrol,Individual,Manual,0
Mahindra XUV500,2007,4.7,24.13,134345,Petrol,Individual,Manual,1
Honda City,2007,2.87,11.91,87882,Petrol,Dealer,Manual,0
Volkswagen Vento,2007,2.17,11.89,133100,Petrol,Dealer,Manual,1
Renault Duster,2007,2.35,10.5,72068,Petrol,Dealer,Manual,1
Skoda Rapid,2007,2.41,10.45,124816,Petrol,Dealer,Manual,0
Tata Tiago,2007,1.24,5.31,90466,Petrol,Individual,Manual,0
Hyundai Verna,2007,2.59,12.45,128966,Petrol,Dealer,Manual,1
Toyota Innova,2007,5.52,27.19,122270,Petrol,Dealer,Manual,0
Hyundai i20,2007,1.68,7.59,98840,Petrol,Individual,Manual,0
Maruti Swift,2007,0.99,6.1,124152,CNG,Individual,Manual,2
Honda City,2007,2.7,12.66,109868,Petrol,Individual,Manual,0
Maruti Swift,2007,1.5,6.18,124889,Diesel,Dealer,Manual,0
Maruti Swift,2007,1.89,7.24,91066,Diesel,Individual,Manual,0
Honda City,2007,2.86,13.68,73103,Petrol,Individual,Manual,1
Maruti Baleno,2007,1.67,7.32,110478,Petrol,Individual,Automatic,0
Honda Amaze,2007,1.72,7.04,86742,Diesel,Individual,Manual,0
Maruti Wagon R,2007,0.96,4.45,80292,Petrol,Individual,Manual,0
Tata Harrier,2007,5.57,24.75,125901,Petrol,Individual,Manual,0
Audi A4,2007,11.17,60.0,133705,Petrol,Dealer,Manual,3
Tata Harrier,2006,3.98,22.73,140167,Petrol,Individual,Manual,0
BMW 3 Series,2006,11.56,60.0,115672,Petrol,Individual,Manual,0
Maruti Swift,2006,1.4,5.93,89878,Diesel,Individual,Automatic,0
Renault Kwid,2006,0.78,3.89,137849,Diesel,Dealer,Manual,0
Maruti Baleno,2006,1.43,7.52,144006,Petrol,Individual,Manual,0
Audi A4,2006,14.24,60.0,103957,Petrol,Dealer,Manual,0
Honda Amaze,2006,1.46,7.78,122302,Petrol,Individual,Manual,2
Volkswagen Vento,2006,2.45,13.35,126088,Petrol,Dealer,Manual,1
Mahindra Scorpio,2006,3.87,18.65,108386,Petrol,Dealer,Manual,0
Audi A4,2006,13.17,60.0,92382,Petrol,Individual,Manual,0
BMW 3 Series,2006,12.87,60.0,108905,Diesel,Individual,Manual,0
Mahindra XUV500,2006,4.28,23.86,140580,Petrol,Individual,Manual,0
Hyundai Venue,2006,2.61,10.28,120295,Diesel,Dealer,Manual,0
Tata Nexon,2006,2.21,10.18,89395,Petrol,Individual,Manual,0
Volkswagen Vento,2006,2.04,10.18,143265,Diesel,Individual,Manual,0
Audi A4,2006,11.4,60.0,126250,Petrol,Individual,Manual,0
Hyundai i10,2006,0.97,4.21,92982,Petrol,Individual,Manual,0
Honda City,2006,2.93,14.38,99548,Diesel,Individual,Automatic,1
Maruti Swift,2006,1.4,6.26,109704,Petrol,Dealer,Manual,1
Hyundai Venue,2006,2.21,10.56,94903,Diesel,Individual,Manual,1
Hyundai i20,2006,1.83,8.55,89076,Petrol,Individual,Manual,0
Maruti Alto,2006,0.63,3.66,113550,Diesel,Individual,Manual,3
Tata Tiago,2006,1.29,6.33,100779,CNG,Dealer,Manual,0
Mahindra Bolero,2006,2.44,10.92,133432,Diesel,Dealer,Automatic,0
Hyundai Creta,2006,4.89,22.68,106797,Diesel,Individual,Manual,0
Mahindra Scorpio,2006,3.52,20.14,101706,Petrol,Individual,Manual,1
Mahindra Bolero,2006,2.75,12.14,129769,Diesel,Individual,Manual,0
Honda Jazz,2006,1.93,9.87,97959,Diesel,Individual,Manual,1
Hyundai Verna,2006,2.82,12.6,76849,Diesel,Individual,Manual,1
Maruti Ciaz,2006,2.31,10.79,113660,Petrol,Individual,Manual,0
Hyundai Creta,2006,4.23,19.88,92948,CNG,Dealer,Manual,0
Honda Amaze,2006,1.85,8.0,99429,Diesel,Dealer,Automatic,0
Ford Figo,2006,0.95,5.52,121705,Petrol,Individual,Manual,0
Renault Duster,2006,2.47,11.16,105209,Petrol,Individual,Manual,0
Mahindra XUV500,2006,5.24,25.8,124101,Diesel,Individual,Manual,0
Mahindra XUV500,2006,5.38,23.46,75156,Petrol,Dealer,Manual,0
Mahindra XUV500,2006,4.68,20.97,102682,Petrol,Individual,Manual,0
Mahindra Bolero,2006,2.35,10.11,93503,Diesel,Individual,Manual,0
Honda Amaze,2006,2.02,8.45,84518,Petrol,Dealer,Manual,0
Skoda Rapid,2006,2.17,11.31,80040,Petrol,Individual,Manual,1
Toyota Etios,2006,1.73,7.34,109352,Diesel,Dealer,Manual,1
Maruti Wagon R,2006,1.22,5.22,128551,Diesel,Dealer,Manual,0
Maruti Alto,2006,0.98,3.44,66372,Petrol,Dealer,Automatic,0
Renault Kwid,2006,0.72,3.9,131799,Diesel,Individual,Manual,0
Renault Duster,2006,3.13,12.54,86627,Petrol,Dealer,Manual,1
Volkswagen Polo,2006,1.61,7.38,143763,Diesel,Dealer,Manual,0
Ford Figo,2006,1.2,5.69,95924,Petrol,Individual,Manual,1
Volkswagen Polo,2006,1.48,7.29,100237,Petrol,Individual,Manual,0
Mahindra Scorpio,2006,4.12,19.55,92143,Petrol,Individual,Manual,0
Hyundai Creta,2006,3.82,21.59,107993,Petrol,Individual,Manual,3
Volkswagen Polo,2006,1.82,7.2,91871,Petrol,Dealer,Manual,0
Toyota Fortuner,2006,13.22,60.0,87650,Petrol,Individual,Manual,1
Hyundai i20,2006,1.88,8.19,88739,Petrol,Individual,Manual,0
Hyundai Creta,2006,3.38,21.15,135033,Petrol,Individual,Automatic,2
Tata Nexon,2006,2.72,11.08,96565,Diesel,Dealer,Manual,0
Hyundai i10,2006,0.99,4.51,99611,Petrol,Dealer,Manual,1
Maruti Swift,2006,1.24,5.74,125254,Diesel,Individual,Automatic,0
Hyundai i20,2006,1.66,7.48,114969,Diesel,Individual,Manual,0
Mahindra Bolero,2006,1.57,9.63,133966,Diesel,Individual,Manual,1
Mahindra Scorpio,2006,4.89,22.37,67466,CNG,Individual,Manual,1
Maruti Wagon R,2006,1.04,5.21,123410,CNG,Individual,Manual,0
Audi A4,2006,11.26,60.0,86930,Diesel,Individual,Manual,0
Mahindra XUV500,2006,4.54,22.06,87569,Petrol,Individual,Automatic,0
Maruti Wagon R,2006,1.42,5.76,95286,Petrol,Dealer,Manual,0
Renault Kwid,2006,0.89,3.82,96509,Diesel,Individual,Manual,0
Mahindra Bolero,2006,2.02,10.0,86245,Petrol,Individual,Manual,1
Audi A4,2006,12.31,60.0,106966,Diesel,Individual,Manual,0
Mahindra XUV500,2006,4.16,24.5,120207,Petrol,Individual,Manual,0
Audi A4,2006,13.34,60.0,74568,Diesel,Individual,Manual,0
Mercedes C-Class,2006,11.81,60.0,133971,Diesel,Individual,Manual,1
Renault Duster,2006,2.49,11.98,117047,Petrol,Individual,Automatic,1
Mahindra Bolero,2006,1.83,11.04,139008,Petrol,Individual,Manual,0
Maruti Vitara Brezza,2006,1.95,10.42,140364,Petrol,Individual,Manual,0
Toyota Fortuner,2006,13.81,60.0,87027,Petrol,Individual,Manual,0
Toyota Etios,2006,1.37,7.18,138711,Petrol,Individual,Manual,0
Maruti Wagon R,2006,0.95,4.89,140756,Diesel,Dealer,Manual,2
Tata Nexon,2006,2.42,12.07,150269,Diesel,Dealer,Manual,0
Renault Kwid,2006,0.67,3.35,118888,Petrol,Individual,Manual,0
Hyundai Verna,2006,2.44,13.07,123329,Petrol,Dealer,Manual,0
Maruti Ciaz,2006,2.35,10.51,66514,Diesel,Individual,Manual,2
Maruti Alto,2006,0.72,3.76,110476,Petrol,Individual,Manual,0
Mercedes C-Class,2006,11.69,60.0,116881,Diesel,Individual,Manual,2
Hyundai i10,2006,0.73,4.11,95262,CNG,Individual,Automatic,3
Toyota Fortuner,2006,14.83,60.0,70469,Diesel,Dealer,Manual,1
Honda Amaze,2006,1.17,7.05,134086,Petrol,Individual,Manual,2
Mahindra Scorpio,2006,2.81,15.45,131051,Petrol,Individual,Manual,1
Hyundai Venue,2006,1.98,9.73,76690,Diesel,Dealer,Manual,3
Toyota Fortuner,2006,13.44,60.0,82102,Diesel,Individual,Manual,0
BMW 3 Series,2006,12.79,60.0,91871,Petrol,Individual,Manual,0
Maruti Ciaz,2006,2.3,10.65,73218,Petrol,Individual,Manual,0
Hyundai i10,2006,0.96,4.42,114716,Diesel,Individual,Manual,0
Volkswagen Polo,2006,1.21,6.36,104000,Petrol,Individual,Manual,0
Toyota Innova,2006,7.51,33.24,79553,Petrol,Individual,Manual,0
Audi A4,2006,11.59,60.0,127949,Petrol,Dealer,Manual,0
Maruti Swift,2006,1.69,7.15,69558,Petrol,Individual,Manual,0
Toyota Etios,2006,1.77,8.36,124304,Petrol,Individual,Manual,0
Mercedes C-Class,2006,10.87,60.0,130100,Diesel,Individual,Manual,0
Ford Figo,2006,0.87,5.4,106063,Petrol,Individual,Manual,0
Maruti Wagon R,2006,0.85,4.8,99288,Petrol,Individual,Manual,1
Audi A4,2006,10.5,60.0,119380,Petrol,Individual,Manual,1
Toyota Innova,2006,7.12,34.95,132858,Petrol,Dealer,Manual,0
Maruti Wagon R,2006,1.2,5.04,108935,Petrol,Dealer,Manual,0
Maruti Baleno,2006,1.38,7.35,126924,Petrol,Dealer,Manual,1
Tata Tiago,2006,1.02,4.74,134383,Diesel,Dealer,Automatic,0
Maruti Alto,2006,0.75,3.56,95176,Petrol,Individual,Manual,0
Maruti Swift,2006,1.44,6.84,101916,Petrol,Individual,Manual,0
Toyota Etios,2006,1.45,7.61,132714,Petrol,Individual,Manual,0
Toyota Etios,2006,1.51,8.08,130230,Petrol,Individual,Manual,2
Hyundai i10,2006,0.76,3.69,111590,Petrol,Individual,Manual,0
Maruti Baleno,2006,1.49,7.99,113947,Petrol,Individual,Manual,1
Skoda Rapid,2006,2.02,9.27,104353,Petrol,Individual,Manual,0
Hyundai Creta,2006,3.99,18.44,141261,Diesel,Individual,Automatic,0
Honda Jazz,2006,1.83,9.44,80334,Petrol,Individual,Manual,1
Maruti Baleno,2006,1.85,8.16,74590,Petrol,Individual,Manual,0
Hyundai Verna,2006,2.57,13.37,106176,Petrol,Individual,Manual,1
Honda Amaze,2006,1.73,8.86,122263,Petrol,Individual,Manual,0
Skoda Rapid,2006,2.45,10.45,80233,Petrol,Individual,Manual,0
Renault Duster,2006,2.16,12.23,140845,Diesel,Individual,Manual,1
Renault Duster,2006,2.07,9.96,99075,Petrol,Individual,Manual,1
Toyota Etios,2006,1.48,7.41,111395,Diesel,Individual,Manual,0
Renault Duster,2006,2.49,10.81,114640,Diesel,Individual,Manual,0
Skoda Rapid,2006,2.07,9.41,78424,Petrol,Dealer,Manual,0
Toyota Etios,2006,1.86,8.05,106433,Diesel,Individual,Manual,0
Hyundai Venue,2006,2.53,10.88,90445,Petrol,Individual,Manual,0
Hyundai i10,2006,0.88,3.97,115354,Petrol,Individual,Automatic,0
Tata Nexon,2006,1.95,10.54,138549,Petrol,Dealer,Manual,0
Mahindra Scorpio,2006,3.14,16.64,123987,Petrol,Individual,Automatic,1
Honda Jazz,2006,1.95,9.7,87443,Petrol,Individual,Manual,1
Maruti Swift,2006,1.64,6.74,77033,Petrol,Dealer,Manual,0
Toyota Innova,2006,7.16,29.98,137143,Petrol,Dealer,Automatic,0
Mahindra Scorpio,2006,4.91,19.47,128318,Petrol,Dealer,Automatic,0
Maruti Vitara Brezza,2006,1.73,9.14,145148,Diesel,Individual,Manual,1
Renault Duster,2006,2.14,11.42,130192,Diesel,Individual,Manual,0
Renault Duster,2006,2.65,11.31,68685,Petrol,Individual,Manual,1
Maruti Vitara Brezza,2006,2.28,9.93,85659,Petrol,Individual,Manual,0
Ford Figo,2006,1.23,5.23,124512,Diesel,Individual,Manual,0
Mahindra XUV500,2006,4.29,23.61,133641,Petrol,Dealer,Manual,0
Skoda Rapid,2006,2.2,11.29,120629,Diesel,Individual,Manual,0
Tata Harrier,2006,5.46,24.57,113837,Diesel,Dealer,Manual,0
Hyundai Verna,2006,2.36,13.42,125509,Petrol,Individual,Manual,1
Renault Kwid,2006,0.82,3.88,128702,Diesel,Individual,Manual,0
Volkswagen Vento,2006,2.07,12.19,133597,Diesel,Individual,Manual,1
Honda City,2006,3.14,14.85,131523,Diesel,Dealer,Manual,0
BMW 3 Series,2006,12.09,60.0,76027,Petrol,Dealer,Manual,2
Toyota Fortuner,2006,10.34,60.0,111453,Diesel,Individual,Manual,3
Ford Figo,2006,1.04,5.56,131298,Petrol,Individual,Manual,0
Tata Nexon,2006,2.24,9.53,133550,Diesel,Individual,Manual,0
Volkswagen Vento,2006,2.53,12.4,113113,Diesel,Individual,Manual,1
Mercedes C-Class,2006,10.33,60.0,123088,Petrol,Individual,Manual,0
Toyota Etios,2006,1.48,8.27,138344,Petrol,Individual,Manual,2
Tata Tiago,2006,1.23,5.65,124370,Diesel,Individual,Manual,0
Maruti Ciaz,2006,1.78,10.84,135072,Diesel,Individual,Manual,1
Audi A4,2006,12.26,60.0,117978,Diesel,Individual,Manual,0
Ford Figo,2006,1.27,5.88,79479,Petrol,Individual,Manual,0
Ford Figo,2006,0.93,5.46,140054,Petrol,Individual,Manual,0
Mahindra Scorpio,2006,4.06,22.1,119460,Petrol,Individual,Manual,0
Maruti Wagon R,2006,1.29,4.83,89178,Petrol,Individual,Automatic,0
Audi A4,2006,12.58,60.0,151870,Diesel,Dealer,Manual,1
Volkswagen Polo,2006,1.5,7.04,102528,Petrol,Individual,Manual,0
Ford EcoSport,2006,2.01,9.19,83477,Diesel,Individual,Manual,0
Ford EcoSport,2006,2.13,11.05,126294,Petrol,Dealer,Manual,0
Mahindra Bolero,2006,1.98,9.49,99387,Petrol,Individual,Manual,0
Mercedes C-Class,2006,12.65,60.0,100348,Petrol,Individual,Manual,0
Maruti Ciaz,2006,2.09,9.96,72282,Petrol,Dealer,Manual,1
Hyundai i20,2006,1.2,7.36,130561,Petrol,Individual,Manual,0
Mahindra Bolero,2006,2.48,10.58,90523,Petrol,Individual,Automatic,0
Volkswagen Polo,2006,1.84,7.97,75367,Petrol,Individual,Manual,0
Maruti Ciaz,2006,2.04,9.41,103175,Petrol,Individual,Manual,0
Renault Duster,2006,2.36,11.68,90123,Diesel,Individual,Manual,0
Renault Duster,2006,2.15,11.55,150836,Diesel,Individual,Manual,0
Audi A4,2006,10.56,60.0,146181,Diesel,Individual,Manual,0
Mercedes C-Class,2006,13.21,60.0,90249,Petrol,Dealer,Manual,0
Mahindra Bolero,2005,2.01,10.67,136758,Diesel,Individual,Manual,0
Honda City,2005,3.19,14.03,77740,Petrol,Individual,Automatic,0
Audi A4,2005,11.79,60.0,125448,Petrol,Dealer,Manual,0
Maruti Wagon R,2005,1.14,4.95,87425,Diesel,Dealer,Manual,0
Honda Amaze,2005,1.36,7.28,92156,Petrol,Individual,Manual,1
Tata Harrier,2005,5.1,24.36,84982,Petrol,Dealer,Manual,0
Honda Jazz,2005,1.85,9.1,70673,Petrol,Individual,Manual,0
Renault Kwid,2005,0.65,3.7,133583,Diesel,Individual,Manual,0
Maruti Ciaz,2005,1.54,10.49,132533,Diesel,Individual,Manual,1
Toyota Innova,2005,6.09,26.09,90952,Diesel,Dealer,Automatic,2
Maruti Vitara Brezza,2005,1.85,9.58,111540,Petrol,Individual,Manual,0
Ford Figo,2005,1.31,5.63,105214,Diesel,Dealer,Manual,0
Hyundai Verna,2005,2.41,13.17,132764,Diesel,Dealer,Manual,0
Hyundai Creta,2005,4.22,21.12,98317,Diesel,Individual,Manual,0
Maruti Wagon R,2005,0.7,4.41,140249,Diesel,Individual,Manual,1
Honda City,2005,2.81,15.31,86757,Petrol,Individual,Manual,0
Skoda Rapid,2005,1.91,9.87,104827,Diesel,Dealer,Manual,0
Mahindra Bolero,2005,1.96,11.01,86239,Petrol,Individual,Manual,0
Nissan Micra,2005,1.05,5.2,110192,Diesel,Individual,Manual,0
Mercedes C-Class,2005,13.2,60.0,125436,Diesel,Dealer,Manual,0
Honda City,2005,2.68,15.19,121339,Diesel,Individual,Manual,0
Hyundai Creta,2005,3.91,20.39,79853,Diesel,Dealer,Manual,0
Mercedes C-Class,2005,11.31,60.0,122220,Petrol,Dealer,Manual,0
Tata Harrier,2005,4.18,25.64,146059,Petrol,Individual,Manual,0
Volkswagen Polo,2005,1.73,7.77,73453,Diesel,Individual,Manual,0
Honda Jazz,2005,1.97,8.87,97627,Diesel,Dealer,Manual,0
Ford Figo,2005,0.89,5.93,143543,Petrol,Individual,Manual,0
Maruti Ciaz,2005,1.83,10.09,122784,Petrol,Individual,Manual,0
Ford EcoSport,2005,2.13,9.71,79920,Diesel,Dealer,Manual,0
Mercedes C-Class,2005,11.96,60.0,115521,Petrol,Dealer,Automatic,1
Nissan Micra,2005,1.16,6.33,112423,Petrol,Individual,Manual,1
BMW 3 Series,2005,9.06,60.0,117553,Petrol,Individual,Automatic,2
Mahindra Scorpio,2005,2.71,18.2,151002,Petrol,Individual,Manual,1
Maruti Wagon R,2005,0.79,5.04,127341,Diesel,Individual,Manual,0
Tata Tiago,2005,0.93,5.2,123565,Petrol,Individual,Manual,0
Volkswagen Polo,2005,1.86,8.5,99330,Petrol,Individual,Manual,0
Hyundai Verna,2005,2.48,14.05,142846,Petrol,Individual,Automatic,0
Mahindra Scorpio,2005,3.98,21.92,124926,Petrol,Individual,Manual,0
Hyundai Venue,2005,2.37,10.96,72468,CNG,Individual,Manual,0
Toyota Fortuner,2005,10.05,60.0,146500,Diesel,Individual,Manual,0
Volkswagen Polo,2005,1.62,8.58,80210,Diesel,Individual,Manual,1
Maruti Baleno,2005,1.06,6.64,132174,Petrol,Individual,Manual,1
Mahindra XUV500,2005,5.03,23.49,102335,Diesel,Dealer,Manual,1
Toyota Innova,2005,5.06,28.41,102682,Petrol,Individual,Manual,0
Mahindra Scorpio,2005,3.75,20.04,130105,Petrol,Individual,Manual,0
Hyundai i10,2005,0.87,4.5,107673,Petrol,Individual,Manual,0
Maruti Wagon R,2005,0.88,5.07,90664,Diesel,Individual,Manual,2
BMW 3 Series,2005,12.12,60.0,151827,Diesel,Dealer,Automatic,1
Tata Harrier,2005,4.31,22.62,91924,Petrol,Dealer,Manual,0
Hyundai Venue,2005,1.8,10.63,154569,Diesel,Dealer,Manual,0
Ford Figo,2005,1.15,5.97,114588,Diesel,Individual,Manual,0
Mahindra XUV500,2005,4.35,23.66,140195,Petrol,Dealer,Manual,0
Renault Kwid,2005,0.76,3.78,98168,Diesel,Individual,Manual,0
Maruti Wagon R,2005,0.88,4.8,117894,Petrol,Individual,Manual,0
Toyota Innova,2005,5.07,26.71,97143,Petrol,Individual,Manual,0
Toyota Fortuner,2005,11.92,60.0,75408,Petrol,Individual,Manual,0
Volkswagen Polo,2005,1.2,7.17,109053,Petrol,Individual,Manual,0
Renault Kwid,2005,0.66,3.94,94568,Diesel,Individual,Manual,1
Ford Figo,2005,0.77,5.61,106262,CNG,Individual,Manual,1
Nissan Micra,2005,1.02,5.57,80404,Petrol,Individual,Manual,1
Renault Kwid,2005,0.69,3.54,98979,Petrol,Individual,Automatic,1
Mahindra XUV500,2005,4.42,22.63,96316,Petrol,Individual,Manual,0
Volkswagen Polo,2005,1.7,7.5,120507,Diesel,Individual,Automatic,0
Toyota Etios,2005,1.28,7.71,126803,Petrol,Individual,Manual,1
Mahindra XUV500,2005,4.02,21.08,143306,Petrol,Dealer,Manual,0
Mercedes C-Class,2005,10.34,60.0,116669,Petrol,Individual,Manual,0
Maruti Wagon R,2005,0.57,4.06,125623,CNG,Individual,Manual,0
Honda Amaze,2005,1.38,7.99,113182,Petrol,Individual,Manual,1
Hyundai i20,2005,1.18,7.64,146334,Diesel,Dealer,Manual,1
Honda Jazz,2005,1.96,9.09,95042,Diesel,Dealer,Manual,0
Mahindra XUV500,2005,3.76,20.81,120108,Diesel,Individual,Manual,1
Mahindra Bolero,2005,2.03,10.7,114693,Petrol,Individual,Manual,0
Renault Kwid,2005,0.6,3.6,156992,Petrol,Individual,Manual,0
Hyundai Venue,2005,2.13,10.98,84876,Petrol,Individual,Manual,0
Mahindra Scorpio,2005,4.04,19.93,133553,Diesel,Individual,Automatic,1
Maruti Wagon R,2005,0.96,4.43,79857,Petrol,Dealer,Manual,0
Skoda Rapid,2005,1.82,11.23,156545,Petrol,Individual,Manual,0
Ford Figo,2005,0.96,5.53,111314,Petrol,Individual,Manual,2
Renault Kwid,2005,0.67,3.68,112642,Petrol,Individual,Automatic,1
Maruti Swift,2005,1.54,7.67,116750,Petrol,Individual,Automatic,0
Maruti Ciaz,2005,2.66,11.04,76980,Diesel,Dealer,Manual,0
Volkswagen Vento,2005,2.16,12.07,145804,Petrol,Dealer,Manual,0
Hyundai i20,2005,1.28,6.82,74624,Petrol,Individual,Manual,0
Toyota Fortuner,2005,10.62,60.0,123083,Petrol,Individual,Manual,0
Ford Figo,2005,1.0,5.74,152653,Petrol,Individual,Manual,0
Ford Figo,2005,0.84,5.05,128980,Petrol,Individual,Manual,0
Renault Duster,2005,2.41,12.02,104735,Diesel,Individual,Manual,0
Hyundai Verna,2005,2.29,13.41,138481,Diesel,Individual,Manual,1
BMW 3 Series,2005,8.79,60.0,120637,Diesel,Individual,Manual,1
Ford EcoSport,2005,1.66,8.12,103852,Diesel,Individual,Manual,1
Mahindra Bolero,2005,1.64,9.36,145970,Diesel,Individual,Manual,0
Mahindra Bolero,2005,1.95,11.69,135149,Petrol,Individual,Manual,0
Renault Kwid,2005,0.62,3.42,140790,Diesel,Individual,Manual,2
Honda Jazz,2005,1.47,8.02,76940,Petrol,Individual,Manual,0
Toyota Etios,2005,1.53,8.3,126493,Petrol,Individual,Manual,0
Maruti Baleno,2005,1.56,7.97,142729,Petrol,Individual,Automatic,0
Toyota Fortuner,2005,10.94,60.0,109216,Petrol,Individual,Manual,0
Volkswagen Polo,2005,1.63,8.22,72584,Diesel,Individual,Manual,0
Hyundai Venue,2005,1.82,11.41,148768,Petrol,Individual,Manual,0
Hyundai Venue,2005,2.09,11.41,92681,Petrol,Dealer,Manual,1
Ford Figo,2005,1.13,4.98,93578,Diesel,Individual,Manual,0
Tata Nexon,2005,2.04,10.94,116828,Diesel,Individual,Manual,0
Toyota Innova,2005,4.81,27.88,131871,Diesel,Individual,Manual,0
Ford EcoSport,2005,1.71,10.24,99447,Diesel,Individual,Manual,2
Hyundai Verna,2005,2.68,12.66,71017,Petrol,Individual,Manual,0
Hyundai i20,2005,1.44,8.01,106005,Petrol,Individual,Manual,0
Honda Amaze,2005,1.55,7.08,93058,Petrol,Individual,Manual,0
Tata Tiago,2005,0.85,4.33,108935,Petrol,Dealer,Manual,0
Maruti Vitara Brezza,2005,1.86,11.44,87086,Petrol,Dealer,Manual,2
Maruti Wagon R,2005,0.67,4.18,127667,Petrol,Individual,Manual,0
Maruti Vitara Brezza,2005,1.55,9.25,125844,Petrol,Dealer,Manual,1
Maruti Swift,2005,1.18,6.47,114657,Diesel,Individual,Manual,2
Maruti Vitara Brezza,2005,1.97,10.13,143929,Petrol,Individual,Manual,0
Maruti Wagon R,2005,0.96,4.53,110054,Diesel,Individual,Manual,0
Maruti Ciaz,2005,2.21,10.56,136580,Diesel,Individual,Automatic,0
Maruti Alto,2005,0.56,3.49,95010,Petrol,Individual,Manual,2
Mahindra Bolero,2005,1.91,10.62,152266,Petrol,Dealer,Manual,0
Mahindra Scorpio,2005,3.41,20.67,115091,Petrol,Individual,Manual,1
Mahindra Scorpio,2005,3.72,21.77,126704,Diesel,Individual,Manual,0
Renault Duster,2005,2.46,10.99,87715,Diesel,Dealer,Manual,0
Honda Amaze,2005,1.19,7.33,157473,Petrol,Individual,Manual,0
Mercedes C-Class,2005,9.79,60.0,111120,Diesel,Dealer,Manual,0
Tata Harrier,2005,4.36,24.4,85239,Petrol,Dealer,Manual,1
Hyundai i20,2005,1.16,6.64,111437,Petrol,Dealer,Manual,2
Hyundai i20,2005,1.08,6.8,159473,Petrol,Individual,Manual,0
Honda City,2005,2.72,13.67,123117,Petrol,Dealer,Manual,0
Volkswagen Polo,2005,1.18,6.81,93079,Petrol,Individual,Manual,0
Toyota Fortuner,2005,11.51,60.0,109124,Petrol,Individual,Manual,0
Maruti Ciaz,2005,1.66,10.96,148158,Petrol,Individual,Manual,0
Tata Tiago,2005,1.01,5.64,76254,Petrol,Individual,Manual,3
Maruti Alto,2005,0.7,3.85,110346,Diesel,Individual,Manual,0
Volkswagen Vento,2005,1.85,11.13,132002,CNG,Dealer,Manual,1
Toyota Etios,2005,1.84,8.43,122644,Petrol,Dealer,Manual,0
Hyundai i10,2005,0.95,5.24,143701,Petrol,Individual,Automatic,0
Renault Kwid,2005,0.64,3.72,147732,Petrol,Dealer,Manual,0
Tata Harrier,2005,4.86,21.89,84452,Petrol,Dealer,Manual,1
Hyundai i20,2005,1.49,6.68,85985,Diesel,Dealer,Manual,0
Skoda Rapid,2005,1.84,10.19,102556,Petrol,Individual,Manual,0
Tata Nexon,2005,2.34,10.95,78623,Petrol,Dealer,Manual,0
Tata Harrier,2005,5.13,26.44,96007,Petrol,Individual,Manual,0
Volkswagen Polo,2005,1.46,7.61,131973,Diesel,Individual,Manual,0
Skoda Rapid,2005,1.56,9.36,114291,CNG,Individual,Manual,0
Maruti Vitara Brezza,2004,1.62,10.55,164218,Petrol,Individual,Automatic,0
Volkswagen Vento,2004,1.62,11.2,110215,Petrol,Individual,Manual,0
Maruti Swift,2004,1.29,5.99,111923,Diesel,Dealer,Automatic,0
Toyota Etios,2004,1.16,8.26,112671,CNG,Individual,Manual,0
Nissan Micra,2004,1.15,5.67,75189,Diesel,Dealer,Manual,0
Ford EcoSport,2004,1.36,9.38,149285,Diesel,Dealer,Manual,1
Ford Figo,2004,0.96,5.35,92394,Diesel,Individual,Manual,0
Hyundai Verna,2004,2.37,13.04,86404,Petrol,Dealer,Manual,1
Maruti Wagon R,2004,0.78,5.23,158417,Petrol,Individual,Manual,0
Maruti Wagon R,2004,0.87,5.0,142662,Diesel,Individual,Automatic,0
Toyota Etios,2004,1.51,8.58,118373,Diesel,Dealer,Manual,2
Ford EcoSport,2004,1.72,9.98,98824,Petrol,Individual,Manual,0
Hyundai Verna,2004,2.07,13.99,162629,Petrol,Individual,Manual,0
Renault Kwid,2004,0.62,3.9,129433,Petrol,Individual,Manual,0
Mercedes C-Class,2004,11.1,60.0,126621,Petrol,Individual,Automatic,0
Hyundai i20,2004,1.25,7.64,150987,Diesel,Dealer,Manual,0
Toyota Fortuner,2004,10.34,60.0,123123,Petrol,Dealer,Manual,0
Honda Amaze,2004,1.33,7.44,124548,Diesel,Dealer,Manual,1
Hyundai Venue,2004,2.11,12.16,158595,Petrol,Dealer,Manual,0
Toyota Fortuner,2004,11.13,60.0,127826,Diesel,Individual,Automatic,1
Maruti Swift,2004,0.98,6.09,122791,Petrol,Individual,Manual,0
Renault Kwid,2004,0.67,3.85,114011,Petrol,Dealer,Manual,2
Tata Nexon,2004,1.99,11.49,100402,Petrol,Individual,Manual,0
Hyundai Verna,2004,2.13,13.21,146425,Petrol,Dealer,Manual,0
Volkswagen Polo,2004,1.63,7.87,93813,Petrol,Dealer,Manual,0
Maruti Wagon R,2004,1.04,5.48,97957,Petrol,Dealer,Automatic,0
Ford EcoSport,2004,1.32,9.04,104142,Diesel,Individual,Manual,3
Hyundai i20,2004,1.29,7.81,129469,Diesel,Individual,Manual,1
Mahindra Scorpio,2004,2.83,17.1,120087,Petrol,Individual,Manual,0
Honda City,2004,2.28,13.58,93209,CNG,Individual,Manual,1
Toyota Etios,2004,1.28,7.4,103940,Petrol,Individual,Manual,0
BMW 3 Series,2004,10.69,60.0,121768,Diesel,Individual,Manual,0
Hyundai i10,2004,0.75,4.73,104975,Petrol,Individual,Manual,2
BMW 3 Series,2004,10.46,60.0,127093,Petrol,Dealer,Manual,0
BMW 3 Series,2004,8.92,60.0,161776,Diesel,Individual,Manual,0
Skoda Rapid,2004,1.53,11.1,160334,Petrol,Dealer,Manual,0
Hyundai i20,2004,1.44,7.43,115858,Diesel,Dealer,Manual,0
Tata Tiago,2004,0.95,5.2,100451,Petrol,Individual,Manual,0
Hyundai i20,2004,1.27,7.51,153074,Diesel,Dealer,Manual,0
Mahindra Bolero,2004,1.93,9.16,72415,Petrol,Dealer,Manual,0
Hyundai Venue,2004,1.82,11.04,110720,Petrol,Individual,Manual,0
Renault Duster,2004,1.63,8.85,139936,Petrol,Individual,Automatic,0
Maruti Alto,2004,0.59,3.46,129249,Petrol,Individual,Automatic,1
Ford Figo,2004,0.76,4.84,123897,Diesel,Individual,Manual,0
Tata Tiago,2004,0.9,5.5,109140,Petrol,Individual,Manual,0
Maruti Vitara Brezza,2004,1.7,9.86,85894,Petrol,Individual,Manual,0
Hyundai Verna,2004,2.73,12.24,99736,Diesel,Dealer,Manual,0
Renault Kwid,2004,0.59,3.62,133786,Diesel,Individual,Manual,0
Mercedes C-Class,2004,11.55,60.0,97176,Diesel,Dealer,Manual,1
Toyota Innova,2004,5.91,31.77,104980,Diesel,Dealer,Manual,0
Toyota Etios,2004,1.27,7.62,136799,Diesel,Individual,Manual,0
Tata Tiago,2004,1.08,5.49,72332,Petrol,Dealer,Manual,0
Honda Jazz,2004,1.26,8.21,147023,Petrol,Individual,Manual,0
Tata Tiago,2004,0.68,5.05,170411,Diesel,Individual,Manual,0
Volkswagen Polo,2004,1.05,7.89,156745,Petrol,Individual,Manual,0
Tata Tiago,2004,0.89,5.24,122217,Petrol,Individual,Automatic,0
Volkswagen Polo,2004,1.3,7.61,138699,Diesel,Dealer,Manual,0
Ford Figo,2004,1.16,5.83,86638,Petrol,Dealer,Manual,0
Mercedes C-Class,2004,10.09,60.0,130675,Diesel,Individual,Manual,0
Maruti Alto,2004,0.66,3.95,96026,Petrol,Individual,Manual,0
Maruti Ciaz,2004,1.91,9.59,82139,Diesel,Dealer,Manual,2
Mahindra XUV500,2004,3.32,22.47,144040,Diesel,Dealer,Automatic,2
Honda Amaze,2004,1.22,7.39,80687,Petrol,Individual,Manual,0
Renault Duster,2004,2.16,12.69,112367,Petrol,Individual,Manual,0
Ford EcoSport,2004,1.88,11.17,166439,Petrol,Dealer,Automatic,1
Maruti Alto,2004,0.56,3.39,136732,Diesel,Individual,Manual,0
Honda Jazz,2004,1.58,8.95,85713,Petrol,Individual,Manual,1
Renault Duster,2004,1.69,9.7,116940,Petrol,Dealer,Manual,2
Honda Jazz,2004,1.32,8.48,89472,Petrol,Individual,Manual,0
Volkswagen Vento,2004,1.89,11.98,91173,Petrol,Individual,Manual,0
Renault Duster,2004,1.82,12.07,153601,Diesel,Individual,Manual,0
Honda Amaze,2004,1.22,7.47,148018,Petrol,Dealer,Manual,0
Honda Amaze,2004,1.32,7.33,103616,Petrol,Individual,Manual,0
Honda Jazz,2004,1.68,9.23,87402,Diesel,Individual,Manual,0
Hyundai i10,2004,0.64,4.26,151934,Petrol,Individual,Manual,0
Mahindra XUV500,2004,4.3,24.24,144979,Diesel,Dealer,Manual,0
Maruti Swift,2004,1.32,7.74,79007,Petrol,Dealer,Manual,1
Maruti Alto,2004,0.71,3.47,93680,Diesel,Dealer,Manual,0
Maruti Alto,2004,0.55,3.59,134637,CNG,Individual,Manual,0
Volkswagen Polo,2004,1.1,7.4,162167,Petrol,Dealer,Manual,2
Maruti Vitara Brezza,2004,1.7,9.56,106324,Diesel,Individual,Manual,0
Renault Kwid,2004,0.68,4.01,89256,Petrol,Individual,Manual,0
Maruti Wagon R,2004,0.94,4.87,86072,Petrol,Dealer,Manual,0
Honda Amaze,2004,1.43,7.84,86338,Petrol,Individual,Manual,0
Mercedes C-Class,2004,9.08,60.0,126027,Petrol,Individual,Manual,2
Mahindra Bolero,2004,1.78,10.31,112801,Petrol,Dealer,Automatic,2
Maruti Swift,2004,1.18,7.03,126227,Petrol,Dealer,Manual,1
Honda Amaze,2004,1.2,6.93,106340,Diesel,Individual,Manual,0
Maruti Alto,2004,0.61,3.77,75219,Petrol,Individual,Manual,2
Maruti Alto,2004,0.54,4.03,164653,Petrol,Individual,Manual,0
Maruti Baleno,2004,1.59,7.65,80252,Petrol,Dealer,Manual,0
Tata Tiago,2004,0.84,5.34,131444,Diesel,Dealer,Manual,2
Toyota Etios,2004,1.05,6.83,114131,Petrol,Individual,Manual,0
Ford EcoSport,2004,1.62,9.19,160812,Diesel,Individual,Manual,0
Mahindra Bolero,2004,1.61,10.31,151216,Petrol,Dealer,Manual,0
Nissan Micra,2004,0.79,5.1,149305,Diesel,Individual,Manual,0
Hyundai Venue,2004,1.46,9.85,133598,Petrol,Individual,Manual,0
Toyota Innova,2004,4.24,27.22,152671,Petrol,Individual,Manual,1
Honda Jazz,2004,1.41,8.43,131298,Petrol,Individual,Automatic,2
Renault Duster,2004,2.21,12.49,88299,Petrol,Dealer,Manual,0
Tata Harrier,2004,4.05,25.28,162032,Petrol,Dealer,Manual,0
Maruti Swift,2004,1.05,6.35,90377,Petrol,Individual,Manual,1
Mercedes C-Class,2004,11.12,60.0,113966,Diesel,Individual,Automatic,0
Maruti Baleno,2004,1.39,8.32,126896,Diesel,Dealer,Manual,0
Renault Duster,2004,2.14,12.91,147433,Petrol,Dealer,Manual,0
Maruti Alto,2004,0.58,3.08,123362,Petrol,Dealer,Manual,2
Honda Amaze,2004,1.34,8.42,137061,Petrol,Individual,Manual,0
Honda City,2004,2.07,11.81,105675,Petrol,Individual,Manual,0
Toyota Fortuner,2004,9.87,60.0,98224,CNG,Dealer,Manual,0
Hyundai i20,2004,1.3,6.71,91949,Petrol,Individual,Manual,0
Tata Harrier,2004,3.52,19.5,99183,Petrol,Dealer,Manual,0
Maruti Wagon R,2004,0.77,4.91,98421,Petrol,Individual,Manual,0
Maruti Baleno,2004,1.11,7.51,141103,Petrol,Individual,Manual,0
Maruti Vitara Brezza,2004,1.76,10.69,80894,Petrol,Individual,Manual,0
Tata Tiago,2004,0.84,4.96,149984,Petrol,Dealer,Manual,0
Mercedes C-Class,2004,11.66,60.0,110640,Diesel,Individual,Automatic,0
Maruti Wagon R,2004,0.89,4.9,86933,Petrol,Dealer,Manual,2
Mahindra Bolero,2004,1.82,10.42,108949,Petrol,Dealer,Manual,0
Tata Tiago,2004,0.89,4.5,80018,Diesel,Individual,Manual,0
Volkswagen Polo,2004,1.28,7.72,162040,Diesel,Dealer,Manual,1
Maruti Alto,2004,0.59,3.33,124718,Petrol,Dealer,Manual,0
Maruti Vitara Brezza,2004,1.24,8.77,149973,Petrol,Individual,Automatic,0
Maruti Swift,2004,0.99,5.89,123696,Petrol,Dealer,Automatic,0
Tata Tiago,2004,1.0,5.1,80485,Diesel,Individual,Manual,0
Hyundai i20,2004,1.41,7.81,97592,Petrol,Individual,Manual,0
Maruti Swift,2004,1.16,6.84,120858,Diesel,Individual,Manual,0
Maruti Baleno,2004,1.17,7.45,133950,Petrol,Individual,Manual,0
Renault Duster,2004,1.79,11.64,125881,Petrol,Individual,Manual,0
Maruti Swift,2004,1.02,6.02,87439,Diesel,Individual,Manual,1
Hyundai i10,2004,0.81,4.1,89993,Diesel,Dealer,Manual,0
Maruti Wagon R,2004,0.97,5.13,91424,Diesel,Individual,Automatic,0
Maruti Baleno,2004,1.16,7.44,109276,Petrol,Individual,Manual,0
Maruti Vitara Brezza,2004,1.52,9.62,139829,Petrol,Individual,Manual,0
Skoda Rapid,2004,1.7,10.5,140415,Diesel,Individual,Manual,0
Maruti Alto,2004,0.58,3.75,151533,Petrol,Dealer,Manual,0
Mahindra Bolero,2004,1.82,9.56,127217,Diesel,Individual,Manual,0
Hyundai Venue,2003,1.79,11.71,94257,Diesel,Dealer,Manual,3
Volkswagen Polo,2003,0.9,6.98,124324,Petrol,Dealer,Manual,1
Honda Amaze,2003,1.29,8.52,138757,Petrol,Individual,Manual,0
Nissan Micra,2003,0.7,5.33,132857,Petrol,Individual,Manual,2
Hyundai Verna,2003,1.18,10.79,157322,Petrol,Individual,Manual,1
Hyundai Verna,2003,1.85,12.94,119738,Petrol,Individual,Manual,1
Maruti Vitara Brezza,2003,1.26,10.13,131211,Petrol,Dealer,Manual,3
Renault Kwid,2003,0.65,4.03,137373,CNG,Dealer,Automatic,0
Maruti Alto,2003,0.56,3.65,141735,Diesel,Dealer,Manual,0
Maruti Swift,2003,0.99,6.94,125804,Petrol,Individual,Manual,0
Toyota Innova,2003,4.58,35.35,111726,CNG,Individual,Manual,0
Maruti Ciaz,2003,1.61,10.51,133872,Diesel,Individual,Manual,0
Renault Kwid,2003,0.65,3.94,155620,Petrol,Dealer,Automatic,0
Mercedes C-Class,2003,7.15,60.0,165051,Petrol,Individual,Manual,0
Hyundai i20,2003,1.34,8.77,82490,Petrol,Individual,Manual,0
Mahindra XUV500,2003,4.02,23.17,79313,Diesel,Individual,Manual,0
Maruti Alto,2003,0.51,3.14,134188,Diesel,Individual,Automatic,0
Hyundai i20,2003,1.31,7.52,96190,Petrol,Dealer,Automatic,1
Skoda Rapid,2003,1.56,10.8,121502,Petrol,Individual,Manual,0
Hyundai Verna,2003,2.02,14.46,135944,Diesel,Individual,Manual,0
Nissan Micra,2003,0.8,4.91,118963,CNG,Dealer,Manual,0
Hyundai Verna,2003,2.13,13.93,105449,Petrol,Dealer,Manual,1
Audi A4,2003,10.78,60.0,90854,Diesel,Individual,Manual,0
Maruti Ciaz,2003,1.41,11.05,139323,Petrol,Dealer,Manual,2
Maruti Vitara Brezza,2003,1.18,9.25,108220,CNG,Individual,Manual,0
Skoda Rapid,2003,2.14,10.89,87693,Diesel,Dealer,Automatic,1
Hyundai Verna,2003,2.46,11.98,82919,Diesel,Dealer,Manual,0
Tata Nexon,2003,1.96,10.05,84763,Diesel,Dealer,Manual,0
Maruti Alto,2003,0.66,3.94,98507,Petrol,Individual,Manual,0
Skoda Rapid,2003,1.55,10.3,77977,Petrol,Individual,Manual,0
Maruti Swift,2003,0.78,5.75,157226,Petrol,Individual,Automatic,0
Skoda Rapid,2003,1.98,10.92,86300,Diesel,Dealer,Manual,0
Volkswagen Vento,2003,1.84,12.92,150593,Diesel,Dealer,Manual,0
Mercedes C-Class,2003,9.15,60.0,130871,Diesel,Individual,Manual,0
Volkswagen Polo,2003,1.18,8.88,142173,Petrol,Individual,Manual,0
Hyundai i20,2003,1.46,8.23,111809,Diesel,Dealer,Manual,0
Maruti Alto,2003,0.42,3.29,147105,Petrol,Individual,Manual,0
Hyundai Creta,2003,3.13,21.78,149108,Diesel,Individual,Manual,0
Nissan Micra,2003,1.02,6.7,122728,Petrol,Dealer,Manual,1
Renault Duster,2003,2.18,11.73,91715,Petrol,Dealer,Manual,0
Toyota Etios,2003,1.25,8.55,159412,Petrol,Dealer,Manual,0
Toyota Etios,2003,1.06,7.62,97321,Petrol,Dealer,Manual,0
Ford EcoSport,2003,1.47,10.53,105256,Petrol,Individual,Manual,3
Ford EcoSport,2003,1.25,9.36,153422,Diesel,Dealer,Manual,0
Hyundai i10,2003,0.64,4.33,125925,Petrol,Individual,Manual,0
Maruti Baleno,2003,0.93,7.55,172598,Diesel,Individual,Manual,1
Honda City,2003,2.31,15.71,135168,Diesel,Individual,Manual,0
Toyota Fortuner,2003,9.04,60.0,106692,Petrol,Individual,Manual,0
Audi A4,2003,9.73,60.0,91671,Petrol,Dealer,Manual,1
Tata Tiago,2003,0.89,5.54,106415,Petrol,Individual,Automatic,0
Hyundai i20,2003,1.02,7.1,147269,Petrol,Individual,Manual,1
Hyundai Verna,2003,2.27,13.35,108905,Diesel,Individual,Manual,0
Toyota Etios,2003,1.21,8.42,169826,Petrol,Individual,Automatic,0
Toyota Etios,2003,1.46,8.56,116356,Petrol,Dealer,Manual,0
Tata Tiago,2003,0.59,4.23,109188,Diesel,Individual,Manual,1
Hyundai Verna,2003,2.22,12.61,93157,Petrol,Individual,Manual,0
Audi A4,2003,8.92,60.0,112035,Diesel,Individual,Manual,0
Nissan Micra,2003,0.68,5.48,159635,Petrol,Individual,Manual,0
Audi A4,2003,10.15,60.0,100979,Diesel,Individual,Manual,0
Tata Harrier,2003,3.44,25.0,151953,Petrol,Dealer,Manual,0
Maruti Baleno,2003,1.16,7.3,105654,Diesel,Individual,Manual,0
Renault Duster,2003,2.23,13.89,86762,Petrol,Individual,Manual,0
Mercedes C-Class,2003,10.83,60.0,82217,Petrol,Dealer,Manual,0
Renault Kwid,2003,0.64,3.43,100510,Petrol,Dealer,Manual,0
Ford Figo,2003,0.86,5.69,154791,Diesel,Dealer,Manual,0
Volkswagen Vento,2003,2.16,13.29,118149,Diesel,Dealer,Manual,0
Honda Amaze,2003,1.02,8.05,143802,Petrol,Dealer,Manual,1
Volkswagen Vento,2003,1.81,12.79,149396,Petrol,Individual,Manual,1
Maruti Ciaz,2003,1.72,10.48,121058,Petrol,Dealer,Automatic,2
Toyota Etios,2003,1.05,8.27,130358,Petrol,Dealer,Manual,3
Ford Figo,2003,0.86,5.51,131027,Diesel,Individual,Manual,0
Ford EcoSport,2003,1.32,8.83,174804,Diesel,Dealer,Manual,0
Tata Harrier,2003,3.14,22.26,132239,Diesel,Individual,Manual,1
Maruti Alto,2003,0.51,3.44,166108,Diesel,Dealer,Manual,0
Hyundai Venue,2003,1.69,11.44,116185,Petrol,Individual,Manual,0
Honda City,2003,2.46,14.5,107525,Diesel,Individual,Manual,0
Tata Nexon,2003,1.76,11.36,147887,Petrol,Individual,Manual,0
Renault Kwid,2003,0.52,3.62,140400,Petrol,Dealer,Manual,2
Maruti Wagon R,2003,0.78,5.14,123859,Petrol,Individual,Manual,1
Renault Duster,2003,2.16,12.59,132713,Diesel,Dealer,Automatic,1
Volkswagen Vento,2003,1.91,13.54,149602,Diesel,Individual,Manual,0
Ford Figo,2003,0.78,5.41,157855,Diesel,Dealer,Manual,0
Maruti Swift,2003,1.05,6.8,82341,Petrol,Individual,Manual,2
Maruti Ciaz,2003,1.7,11.34,161415,Petrol,Individual,Automatic,0
Mahindra XUV500,2003,2.79,21.42,116503,CNG,Individual,Manual,2
Hyundai i10,2003,0.93,4.92,118153,Diesel,Dealer,Manual,0
Ford EcoSport,2003,1.34,9.36,165219,Diesel,Dealer,Manual,1
Mercedes C-Class,2003,10.63,60.0,104906,Diesel,Dealer,Manual,0
Renault Duster,2003,1.98,11.57,77929,Petrol,Individual,Manual,0
Audi A4,2003,8.75,60.0,126748,Diesel,Individual,Manual,0
Skoda Rapid,2003,1.32,9.87,140788,Diesel,Individual,Manual,0
Hyundai Venue,2003,1.66,11.47,115861,Petrol,Individual,Manual,0
Hyundai Venue,2003,1.66,10.44,128437,Diesel,Dealer,Manual,0
Toyota Etios,2003,1.17,8.48,148851,Petrol,Individual,Manual,0
BMW 3 Series,2003,9.36,60.0,135729,Petrol,Dealer,Manual,0
BMW 3 Series,2003,10.09,60.0,152409,Diesel,Dealer,Manual,0
Volkswagen Polo,2003,1.05,7.44,150205,Petrol,Individual,Automatic,0
Volkswagen Polo,2003,1.26,8.42,138904,Diesel,Individual,Manual,0
Nissan Micra,2003,0.83,5.89,176139,Diesel,Dealer,Manual,1
Hyundai i20,2003,0.97,7.89,131695,Petrol,Dealer,Manual,2
Renault Duster,2003,1.72,10.97,103485,Petrol,Individual,Manual,0
Toyota Fortuner,2003,10.91,60.0,87434,Petrol,Dealer,Manual,1
Mahindra Scorpio,2003,3.0,21.97,160190,Diesel,Individual,Manual,0
Hyundai i10,2003,0.68,4.21,95762,Diesel,Individual,Manual,0
Toyota Fortuner,2003,9.59,60.0,136295,Petrol,Individual,Automatic,0
Toyota Etios,2003,1.35,7.99,85529,Petrol,Individual,Manual,0
Maruti Swift,2003,0.8,6.12,169355,Diesel,Individual,Manual,0
Tata Tiago,2003,0.77,5.24,159694,Petrol,Individual,Manual,0
BMW 3 Series,2003,8.12,60.0,136575,Petrol,Individual,Manual,0
Ford Figo,2003,0.94,5.38,106629,Diesel,Individual,Automatic,0
Mercedes C-Class,2003,8.13,60.0,164810,Petrol,Individual,Manual,0
Mahindra Scorpio,2003,3.55,19.51,91168,Petrol,Dealer,Manual,0
Renault Duster,2003,1.59,11.91,131151,Petrol,Individual,Manual,0
Renault Kwid,2003,0.43,3.6,178599,Petrol,Dealer,Manual,1
Mercedes C-Class,2003,10.86,60.0,136517,Diesel,Dealer,Automatic,0
Volkswagen Polo,2003,1.34,8.47,119079,Petrol,Individual,Automatic,0
Toyota Innova,2003,3.66,32.32,175719,Diesel,Individual,Manual,0
Maruti Ciaz,2003,1.39,10.52,120409,CNG,Individual,Manual,1
Ford Figo,2003,1.08,5.73,82977,Diesel,Dealer,Manual,0
Tata Tiago,2003,0.69,4.88,147800,Petrol,Individual,Manual,1
Volkswagen Vento,2003,1.7,12.5,135325,Petrol,Individual,Manual,0
Volkswagen Polo,2003,1.16,7.46,114866,Diesel,Dealer,Manual,0
Maruti Baleno,2003,0.98,6.47,97834,Petrol,Individual,Manual,0
Renault Duster,2003,1.81,11.67,92715,CNG,Dealer,Manual,0
Tata Tiago,2003,0.7,5.14,146912,CNG,Dealer,Automatic,0
Tata Harrier,2003,3.18,24.2,175297,Petrol,Individual,Automatic,0
Audi A4,2003,9.36,60.0,98727,Petrol,Individual,Manual,1
Audi A4,2003,7.69,60.0,151077,Petrol,Individual,Manual,0
Maruti Alto,2003,0.53,3.92,122848,CNG,Dealer,Manual,0
Maruti Vitara Brezza,2003,1.63,9.84,118450,Petrol,Dealer,Automatic,1
Maruti Swift,2003,1.04,6.44,164160,Diesel,Dealer,Manual,0
BMW 3 Series,2003,8.68,60.0,147498,Petrol,Dealer,Manual,0
Toyota Innova,2003,4.45,28.88,92884,Petrol,Individual,Manual,0
Volkswagen Polo,2003,1.3,8.14,114482,Diesel,Dealer,Manual,0
Hyundai i20,2003,0.92,7.07,166102,Petrol,Dealer,Manual,2
Maruti Ciaz,2003,1.88,10.61,113040,Petrol,Dealer,Manual,0
BMW 3 Series,2003,7.09,60.0,171027,CNG,Dealer,Manual,0
Maruti Baleno,2003,1.59,8.03,80121,Diesel,Individual,Automatic,0
Mahindra Scorpio,2003,2.49,18.79,156790,Petrol,Individual,Manual,0
Renault Kwid,2003,0.71,4.49,120438,Petrol,Dealer,Manual,1
